"Name","RequiredServices","CanPauseAndContinue","CanShutdown","CanStop","DisplayName","DependentServices","MachineName","ServiceName","ServicesDependedOn","ServiceHandle","Status","ServiceType","StartType","Site","Container"
"AarSvc_1b43a1","System.ServiceProcess.ServiceController[]","False","False","False","Agent Activation Runtime_1b43a1","System.ServiceProcess.ServiceController[]",".","AarSvc_1b43a1","System.ServiceProcess.ServiceController[]","SafeServiceHandle","Stopped","224","Manual",,
"AdobeARMservice","System.ServiceProcess.ServiceController[]","False","False","False","Adobe Acrobat Update Service","System.ServiceProcess.ServiceController[]",".","AdobeARMservice","System.ServiceProcess.ServiceController[]","SafeServiceHandle","Stopped","Win32OwnProcess","Disabled",,
"AJRouter","System.ServiceProcess.ServiceController[]","False","False","False","Servi?o de Roteador AllJoyn","System.ServiceProcess.ServiceController[]",".","AJRouter","System.ServiceProcess.ServiceController[]","SafeServiceHandle","Stopped","Win32ShareProcess","Manual",,
"ALG","System.ServiceProcess.ServiceController[]","False","False","False","Servi?o Gateway de Camada de Aplicativo","System.ServiceProcess.ServiceController[]",".","ALG","System.ServiceProcess.ServiceController[]","SafeServiceHandle","Stopped","Win32OwnProcess","Manual",,
"AOTAgentSvc","System.ServiceProcess.ServiceController[]","False","True","True","Trend Micro Telemetry Service","System.ServiceProcess.ServiceController[]",".","AOTAgentSvc","System.ServiceProcess.ServiceController[]","SafeServiceHandle","Running","Win32OwnProcess","Automatic",,
"AppIDSvc","System.ServiceProcess.ServiceController[]","False","False","False","Identidade do Aplicativo","System.ServiceProcess.ServiceController[]",".","AppIDSvc","System.ServiceProcess.ServiceController[]","SafeServiceHandle","Stopped","Win32ShareProcess","Manual",,
"Appinfo","System.ServiceProcess.ServiceController[]","False","False","True","Informa??es sobre Aplicativos","System.ServiceProcess.ServiceController[]",".","Appinfo","System.ServiceProcess.ServiceController[]","SafeServiceHandle","Running","Win32OwnProcess, Win32ShareProcess","Manual",,
"AppMgmt","System.ServiceProcess.ServiceController[]","False","False","True","Gerenciamento de aplicativo","System.ServiceProcess.ServiceController[]",".","AppMgmt","System.ServiceProcess.ServiceController[]","SafeServiceHandle","Running","Win32OwnProcess, Win32ShareProcess","Manual",,
"AppReadiness","System.ServiceProcess.ServiceController[]","False","False","False","Prepara??o de Aplicativos","System.ServiceProcess.ServiceController[]",".","AppReadiness","System.ServiceProcess.ServiceController[]","SafeServiceHandle","Stopped","Win32OwnProcess, Win32ShareProcess","Manual",,
"AppVClient","System.ServiceProcess.ServiceController[]","False","False","False","Microsoft App-V Client","System.ServiceProcess.ServiceController[]",".","AppVClient","System.ServiceProcess.ServiceController[]","SafeServiceHandle","Stopped","Win32OwnProcess","Disabled",,
"AppXSvc","System.ServiceProcess.ServiceController[]","False","True","True","Servi?o de Implanta??o AppX (AppXSVC)","System.ServiceProcess.ServiceController[]",".","AppXSvc","System.ServiceProcess.ServiceController[]","SafeServiceHandle","Running","Win32OwnProcess, Win32ShareProcess","Manual",,
"aspnet_state","System.ServiceProcess.ServiceController[]","False","False","False","ASP.NET State Service","System.ServiceProcess.ServiceController[]",".","aspnet_state","System.ServiceProcess.ServiceController[]","SafeServiceHandle","Stopped","Win32OwnProcess","Manual",,
"AssignedAccessManagerSvc","System.ServiceProcess.ServiceController[]","False","False","False","Servi?o AssignedAccessManager","System.ServiceProcess.ServiceController[]",".","AssignedAccessManagerSvc","System.ServiceProcess.ServiceController[]","SafeServiceHandle","Stopped","Win32ShareProcess","Manual",,
"AudioEndpointBuilder","System.ServiceProcess.ServiceController[]","False","False","True","Construtor de Pontos de Extremidade de ?udio do Windows","System.ServiceProcess.ServiceController[]",".","AudioEndpointBuilder","System.ServiceProcess.ServiceController[]","SafeServiceHandle","Running","Win32OwnProcess, Win32ShareProcess","Automatic",,
"Audiosrv","System.ServiceProcess.ServiceController[]","False","False","True","?udio do Windows","System.ServiceProcess.ServiceController[]",".","Audiosrv","System.ServiceProcess.ServiceController[]","SafeServiceHandle","Running","Win32OwnProcess","Automatic",,
"autotimesvc","System.ServiceProcess.ServiceController[]","False","False","False","Hora da Rede Celular","System.ServiceProcess.ServiceController[]",".","autotimesvc","System.ServiceProcess.ServiceController[]","SafeServiceHandle","Stopped","Win32OwnProcess","Manual",,
"AxInstSV","System.ServiceProcess.ServiceController[]","False","False","False","Instalador do ActiveX (AxInstSV)","System.ServiceProcess.ServiceController[]",".","AxInstSV","System.ServiceProcess.ServiceController[]","SafeServiceHandle","Stopped","Win32ShareProcess","Manual",,
"BcastDVRUserService_1b43a1","System.ServiceProcess.ServiceController[]","False","False","False","Servi?o de Usu?rio do GameDVR e Transmiss?o_1b43a1","System.ServiceProcess.ServiceController[]",".","BcastDVRUserService_1b43a1","System.ServiceProcess.ServiceController[]","SafeServiceHandle","Stopped","240","Manual",,
"BDESVC","System.ServiceProcess.ServiceController[]","False","False","False","Servi?o de Criptografia de Unidade de Disco BitLocker","System.ServiceProcess.ServiceController[]",".","BDESVC","System.ServiceProcess.ServiceController[]",,"Stopped","Win32OwnProcess, Win32ShareProcess","Manual",,
"BESClient","System.ServiceProcess.ServiceController[]","False","True","True","BES Client","System.ServiceProcess.ServiceController[]",".","BESClient","System.ServiceProcess.ServiceController[]","SafeServiceHandle","Running","Win32OwnProcess","Automatic",,
"BFE","System.ServiceProcess.ServiceController[]","False","False","True","Mecanismo de Filtragem B?sica","System.ServiceProcess.ServiceController[]",".","BFE","System.ServiceProcess.ServiceController[]",,"Running","Win32ShareProcess","Automatic",,
"BITS","System.ServiceProcess.ServiceController[]","False","False","True","Servi?o de Transfer?ncia Inteligente em Segundo Plano","System.ServiceProcess.ServiceController[]",".","BITS","System.ServiceProcess.ServiceController[]","SafeServiceHandle","Running","Win32OwnProcess, Win32ShareProcess","Automatic",,
"BluetoothUserService_1b43a1","System.ServiceProcess.ServiceController[]","False","False","False","Servi?o de Suporte a Usu?rios de Bluetooth_1b43a1","System.ServiceProcess.ServiceController[]",".","BluetoothUserService_1b43a1","System.ServiceProcess.ServiceController[]","SafeServiceHandle","Stopped","224","Manual",,
"BrokerInfrastructure","System.ServiceProcess.ServiceController[]","False","False","False","Servi?o de Infraestrutura de Tarefas de Segundo Plano","System.ServiceProcess.ServiceController[]",".","BrokerInfrastructure","System.ServiceProcess.ServiceController[]",,"Running","Win32ShareProcess","Automatic",,
"Browser","System.ServiceProcess.ServiceController[]","False","False","True","Pesquisador de Computadores","System.ServiceProcess.ServiceController[]",".","Browser","System.ServiceProcess.ServiceController[]","SafeServiceHandle","Running","Win32OwnProcess, Win32ShareProcess","Manual",,
"BTAGService","System.ServiceProcess.ServiceController[]","False","False","False","Servi?o de Gateway Bluetooth de ?udio","System.ServiceProcess.ServiceController[]",".","BTAGService","System.ServiceProcess.ServiceController[]","SafeServiceHandle","Stopped","Win32ShareProcess","Manual",,
"BthAvctpSvc","System.ServiceProcess.ServiceController[]","False","False","True","Servi?o AVCTP","System.ServiceProcess.ServiceController[]",".","BthAvctpSvc","System.ServiceProcess.ServiceController[]","SafeServiceHandle","Running","Win32OwnProcess, Win32ShareProcess","Manual",,
"bthserv","System.ServiceProcess.ServiceController[]","False","False","False","Servi?o de Suporte a Bluetooth","System.ServiceProcess.ServiceController[]",".","bthserv","System.ServiceProcess.ServiceController[]","SafeServiceHandle","Stopped","Win32ShareProcess","Manual",,
"bufserv","System.ServiceProcess.ServiceController[]","False","False","False","PI-Buffer Server","System.ServiceProcess.ServiceController[]",".","bufserv","System.ServiceProcess.ServiceController[]","SafeServiceHandle","Stopped","Win32OwnProcess","Disabled",,
"bufservX64","System.ServiceProcess.ServiceController[]","False","False","False","PI-Buffer Server x64","System.ServiceProcess.ServiceController[]",".","bufservX64","System.ServiceProcess.ServiceController[]","SafeServiceHandle","Stopped","Win32OwnProcess","Disabled",,
"camsvc","System.ServiceProcess.ServiceController[]","False","True","True","Servi?o do Gerenciador de Acesso de Recurso","System.ServiceProcess.ServiceController[]",".","camsvc","System.ServiceProcess.ServiceController[]","SafeServiceHandle","Running","Win32OwnProcess, Win32ShareProcess","Manual",,
"CaptureService_1b43a1","System.ServiceProcess.ServiceController[]","False","False","False","CaptureService_1b43a1","System.ServiceProcess.ServiceController[]",".","CaptureService_1b43a1","System.ServiceProcess.ServiceController[]","SafeServiceHandle","Stopped","224","Manual",,
"cbdhsvc_1b43a1","System.ServiceProcess.ServiceController[]","False","False","True","Servi?o de Usu?rio da ?rea de Transfer?ncia_1b43a1","System.ServiceProcess.ServiceController[]",".","cbdhsvc_1b43a1","System.ServiceProcess.ServiceController[]","SafeServiceHandle","Running","240","Manual",,
"CcmExec","System.ServiceProcess.ServiceController[]","False","True","True","Host de Agente do SMS","System.ServiceProcess.ServiceController[]",".","CcmExec","System.ServiceProcess.ServiceController[]","SafeServiceHandle","Running","Win32OwnProcess","Automatic",,
"CDPSvc","System.ServiceProcess.ServiceController[]","False","False","True","Servi?o de Plataforma de Dispositivos Conectados","System.ServiceProcess.ServiceController[]",".","CDPSvc","System.ServiceProcess.ServiceController[]","SafeServiceHandle","Running","Win32OwnProcess, Win32ShareProcess","Automatic",,
"CDPUserSvc_1b43a1","System.ServiceProcess.ServiceController[]","False","False","True","Servi?o de Usu?rio da Plataforma de Dispositivos Conectados_1b43a1","System.ServiceProcess.ServiceController[]",".","CDPUserSvc_1b43a1","System.ServiceProcess.ServiceController[]","SafeServiceHandle","Running","240","Automatic",,
"CertPropSvc","System.ServiceProcess.ServiceController[]","False","True","True","Propaga??o de Certificado","System.ServiceProcess.ServiceController[]",".","CertPropSvc","System.ServiceProcess.ServiceController[]",,"Running","Win32OwnProcess, Win32ShareProcess","Manual",,
"CETASvc","System.ServiceProcess.ServiceController[]","False","True","False","Trend Micro Cloud Endpoint Telemetry Service","System.ServiceProcess.ServiceController[]",".","CETASvc","System.ServiceProcess.ServiceController[]","SafeServiceHandle","Running","Win32OwnProcess","Automatic",,
"ClickToRunSvc","System.ServiceProcess.ServiceController[]","False","True","True","Servi?o Clique para Executar do Microsoft Office","System.ServiceProcess.ServiceController[]",".","ClickToRunSvc","System.ServiceProcess.ServiceController[]","SafeServiceHandle","Running","Win32OwnProcess","Automatic",,
"ClipSVC","System.ServiceProcess.ServiceController[]","False","True","True","Servi?o de Licen?as de Cliente (ClipSVC)","System.ServiceProcess.ServiceController[]",".","ClipSVC","System.ServiceProcess.ServiceController[]",,"Running","Win32OwnProcess, Win32ShareProcess","Manual",,
"CloudEndpointService","System.ServiceProcess.ServiceController[]","False","True","False","Cloud Endpoint Service","System.ServiceProcess.ServiceController[]",".","CloudEndpointService","System.ServiceProcess.ServiceController[]","SafeServiceHandle","Running","Win32OwnProcess","Automatic",,
"cloudidsvc","System.ServiceProcess.ServiceController[]","False","False","False","Servi?o de identidade Microsoft Cloud","System.ServiceProcess.ServiceController[]",".","cloudidsvc","System.ServiceProcess.ServiceController[]","SafeServiceHandle","Stopped","Win32OwnProcess","Manual",,
"CmRcService","System.ServiceProcess.ServiceController[]","False","True","True","Controle Remoto do Configuration Manager","System.ServiceProcess.ServiceController[]",".","CmRcService","System.ServiceProcess.ServiceController[]","SafeServiceHandle","Running","Win32OwnProcess","Automatic",,
"com.docker.service","System.ServiceProcess.ServiceController[]","False","True","True","Docker Desktop Service","System.ServiceProcess.ServiceController[]",".","com.docker.service","System.ServiceProcess.ServiceController[]","SafeServiceHandle","Running","Win32OwnProcess","Automatic",,
"COMSysApp","System.ServiceProcess.ServiceController[]","False","False","True","COM+ System Application","System.ServiceProcess.ServiceController[]",".","COMSysApp","System.ServiceProcess.ServiceController[]","SafeServiceHandle","Running","Win32OwnProcess","Manual",,
"ConsentUxUserSvc_1b43a1","System.ServiceProcess.ServiceController[]","False","False","False","ConsentUX_1b43a1","System.ServiceProcess.ServiceController[]",".","ConsentUxUserSvc_1b43a1","System.ServiceProcess.ServiceController[]","SafeServiceHandle","Stopped","224","Manual",,
"CoreMessagingRegistrar","System.ServiceProcess.ServiceController[]","False","False","False","CoreMessaging","System.ServiceProcess.ServiceController[]",".","CoreMessagingRegistrar","System.ServiceProcess.ServiceController[]",,"Running","Win32ShareProcess","Automatic",,
"cphs","System.ServiceProcess.ServiceController[]","False","False","True","Intel(R) Content Protection HECI Service","System.ServiceProcess.ServiceController[]",".","cphs","System.ServiceProcess.ServiceController[]","SafeServiceHandle","Running","Win32OwnProcess","Manual",,
"cplspcon","System.ServiceProcess.ServiceController[]","False","False","True","Intel(R) Content Protection HDCP Service","System.ServiceProcess.ServiceController[]",".","cplspcon","System.ServiceProcess.ServiceController[]","SafeServiceHandle","Running","Win32OwnProcess","Automatic",,
"CredentialEnrollmentManagerUserSvc_1b43a1","System.ServiceProcess.ServiceController[]","False","False","False","CredentialEnrollmentManagerUserSvc_1b43a1","System.ServiceProcess.ServiceController[]",".","CredentialEnrollmentManagerUserSvc_1b43a1","System.ServiceProcess.ServiceController[]",,"Stopped","208","Manual",,
"CryptSvc","System.ServiceProcess.ServiceController[]","False","True","True","Servi?os de criptografia","System.ServiceProcess.ServiceController[]",".","CryptSvc","System.ServiceProcess.ServiceController[]","SafeServiceHandle","Running","Win32OwnProcess, Win32ShareProcess","Automatic",,
"CscService","System.ServiceProcess.ServiceController[]","False","False","False","Arquivos Offline","System.ServiceProcess.ServiceController[]",".","CscService","System.ServiceProcess.ServiceController[]","SafeServiceHandle","Stopped","Win32ShareProcess","Manual",,
"CWAUpdaterService","System.ServiceProcess.ServiceController[]","False","True","True","Citrix Workspace Updater Service","System.ServiceProcess.ServiceController[]",".","CWAUpdaterService","System.ServiceProcess.ServiceController[]","SafeServiceHandle","Running","Win32OwnProcess","Automatic",,
"DcomLaunch","System.ServiceProcess.ServiceController[]","False","False","False","Inicializador do Processo de Servidor DCOM","System.ServiceProcess.ServiceController[]",".","DcomLaunch","System.ServiceProcess.ServiceController[]",,"Running","Win32ShareProcess","Automatic",,
"dcsvc","System.ServiceProcess.ServiceController[]","False","False","False","dcsvc","System.ServiceProcess.ServiceController[]",".","dcsvc","System.ServiceProcess.ServiceController[]","SafeServiceHandle","Stopped","Win32OwnProcess","Manual",,
"debugregsvc","System.ServiceProcess.ServiceController[]","False","False","False","debugregsvc","System.ServiceProcess.ServiceController[]",".","debugregsvc","System.ServiceProcess.ServiceController[]","SafeServiceHandle","Stopped","Win32OwnProcess","Automatic",,
"defragsvc","System.ServiceProcess.ServiceController[]","False","False","False","Otimizador de unidade","System.ServiceProcess.ServiceController[]",".","defragsvc","System.ServiceProcess.ServiceController[]","SafeServiceHandle","Stopped","Win32OwnProcess","Manual",,
"DeveloperToolsService","System.ServiceProcess.ServiceController[]","False","False","False","Developer Tools Service","System.ServiceProcess.ServiceController[]",".","DeveloperToolsService","System.ServiceProcess.ServiceController[]","SafeServiceHandle","Stopped","Win32OwnProcess","Manual",,
"DeviceAssociationBrokerSvc_1b43a1","System.ServiceProcess.ServiceController[]","False","False","False","DeviceAssociationBroker_1b43a1","System.ServiceProcess.ServiceController[]",".","DeviceAssociationBrokerSvc_1b43a1","System.ServiceProcess.ServiceController[]",,"Stopped","224","Manual",,
"DeviceAssociationService","System.ServiceProcess.ServiceController[]","False","True","True","Servi?o de Associa??o de Dispositivo","System.ServiceProcess.ServiceController[]",".","DeviceAssociationService","System.ServiceProcess.ServiceController[]","SafeServiceHandle","Running","Win32OwnProcess, Win32ShareProcess","Manual",,
"DeviceInstall","System.ServiceProcess.ServiceController[]","False","False","False","Servi?o de Instala??o de Dispositivo","System.ServiceProcess.ServiceController[]",".","DeviceInstall","System.ServiceProcess.ServiceController[]","SafeServiceHandle","Stopped","Win32ShareProcess","Manual",,
"DevicePickerUserSvc_1b43a1","System.ServiceProcess.ServiceController[]","False","False","False","DevicePicker_1b43a1","System.ServiceProcess.ServiceController[]",".","DevicePickerUserSvc_1b43a1","System.ServiceProcess.ServiceController[]","SafeServiceHandle","Stopped","224","Manual",,
"DevicesFlowUserSvc_1b43a1","System.ServiceProcess.ServiceController[]","False","False","False","DevicesFlow_1b43a1","System.ServiceProcess.ServiceController[]",".","DevicesFlowUserSvc_1b43a1","System.ServiceProcess.ServiceController[]","SafeServiceHandle","Stopped","224","Manual",,
"DevQueryBroker","System.ServiceProcess.ServiceController[]","False","False","False","Agente de Descoberta em Segundo Plano de DevQuery","System.ServiceProcess.ServiceController[]",".","DevQueryBroker","System.ServiceProcess.ServiceController[]","SafeServiceHandle","Stopped","Win32ShareProcess","Manual",,
"Dhcp","System.ServiceProcess.ServiceController[]","False","True","True","Cliente DHCP","System.ServiceProcess.ServiceController[]",".","Dhcp","System.ServiceProcess.ServiceController[]","SafeServiceHandle","Running","Win32OwnProcess, Win32ShareProcess","Automatic",,
"diagnosticshub.standardcollector.service","System.ServiceProcess.ServiceController[]","False","False","False","Servi?o Coletor de Padr?es de Hub de Diagn?stico da Microsoft (R)","System.ServiceProcess.ServiceController[]",".","diagnosticshub.standardcollector.service","System.ServiceProcess.ServiceController[]","SafeServiceHandle","Stopped","Win32OwnProcess","Manual",,
"diagsvc","System.ServiceProcess.ServiceController[]","False","False","False","Diagnostic Execution Service","System.ServiceProcess.ServiceController[]",".","diagsvc","System.ServiceProcess.ServiceController[]","SafeServiceHandle","Stopped","Win32ShareProcess","Manual",,
"DiagTrack","System.ServiceProcess.ServiceController[]","False","True","True","Experi?ncias do Usu?rio Conectado e Telemetria","System.ServiceProcess.ServiceController[]",".","DiagTrack","System.ServiceProcess.ServiceController[]","SafeServiceHandle","Running","Win32OwnProcess","Automatic",,
"DialogBlockingService","System.ServiceProcess.ServiceController[]","False","False","False","DialogBlockingService","System.ServiceProcess.ServiceController[]",".","DialogBlockingService","System.ServiceProcess.ServiceController[]","SafeServiceHandle","Stopped","Win32ShareProcess","Disabled",,
"DispBrokerDesktopSvc","System.ServiceProcess.ServiceController[]","False","False","True","Exibir Servi?o de Pol?tica","System.ServiceProcess.ServiceController[]",".","DispBrokerDesktopSvc","System.ServiceProcess.ServiceController[]","SafeServiceHandle","Running","Win32OwnProcess, Win32ShareProcess","Automatic",,
"DisplayEnhancementService","System.ServiceProcess.ServiceController[]","False","False","True","Servi?o de Aprimoramento de Exibi??o","System.ServiceProcess.ServiceController[]",".","DisplayEnhancementService","System.ServiceProcess.ServiceController[]","SafeServiceHandle","Running","Win32OwnProcess, Win32ShareProcess","Manual",,
"DmEnrollmentSvc","System.ServiceProcess.ServiceController[]","False","False","False","Servi?o de Registro de Gerenciamento de Dispositivos","System.ServiceProcess.ServiceController[]",".","DmEnrollmentSvc","System.ServiceProcess.ServiceController[]","SafeServiceHandle","Stopped","Win32OwnProcess","Manual",,
"dmwappushservice","System.ServiceProcess.ServiceController[]","False","False","False","Servi?o de Roteamento de mensagens de envio por Push WAP do Gerenciamento de Dispositivos","System.ServiceProcess.ServiceController[]",".","dmwappushservice","System.ServiceProcess.ServiceController[]","SafeServiceHandle","Stopped","Win32ShareProcess","Automatic",,
"Dnscache","System.ServiceProcess.ServiceController[]","False","False","False","Cliente DNS","System.ServiceProcess.ServiceController[]",".","Dnscache","System.ServiceProcess.ServiceController[]",,"Running","Win32OwnProcess, Win32ShareProcess","Automatic",,
"DoSvc","System.ServiceProcess.ServiceController[]","False","False","True","Otimiza??o de Entrega","System.ServiceProcess.ServiceController[]",".","DoSvc","System.ServiceProcess.ServiceController[]","SafeServiceHandle","Running","Win32OwnProcess, Win32ShareProcess","Automatic",,
"dot3svc","System.ServiceProcess.ServiceController[]","False","True","True","Configura??o Autom?tica com Fio","System.ServiceProcess.ServiceController[]",".","dot3svc","System.ServiceProcess.ServiceController[]","SafeServiceHandle","Running","Win32OwnProcess, Win32ShareProcess","Automatic",,
"DPS","System.ServiceProcess.ServiceController[]","False","True","True","Servi?o de Pol?tica de Diagn?stico","System.ServiceProcess.ServiceController[]",".","DPS","System.ServiceProcess.ServiceController[]",,"Running","Win32OwnProcess, Win32ShareProcess","Automatic",,
"DsmSvc","System.ServiceProcess.ServiceController[]","False","False","False","Gerenciador de Instala??o de Dispositivo","System.ServiceProcess.ServiceController[]",".","DsmSvc","System.ServiceProcess.ServiceController[]","SafeServiceHandle","Stopped","Win32OwnProcess, Win32ShareProcess","Manual",,
"DsSvc","System.ServiceProcess.ServiceController[]","False","False","True","Servi?o de Compartilhamento de Dados","System.ServiceProcess.ServiceController[]",".","DsSvc","System.ServiceProcess.ServiceController[]","SafeServiceHandle","Running","Win32OwnProcess, Win32ShareProcess","Manual",,
"DusmSvc","System.ServiceProcess.ServiceController[]","False","False","True","Uso de Dados","System.ServiceProcess.ServiceController[]",".","DusmSvc","System.ServiceProcess.ServiceController[]","SafeServiceHandle","Running","Win32OwnProcess","Automatic",,
"Eaphost","System.ServiceProcess.ServiceController[]","False","True","True","Protocolo de Autentica??o Extens?vel","System.ServiceProcess.ServiceController[]",".","Eaphost","System.ServiceProcess.ServiceController[]","SafeServiceHandle","Running","Win32OwnProcess, Win32ShareProcess","Manual",,
"edgeupdate","System.ServiceProcess.ServiceController[]","False","False","False","Microsoft Edge Update Service (edgeupdate)","System.ServiceProcess.ServiceController[]",".","edgeupdate","System.ServiceProcess.ServiceController[]","SafeServiceHandle","Stopped","Win32OwnProcess","Automatic",,
"edgeupdatem","System.ServiceProcess.ServiceController[]","False","False","False","Microsoft Edge Update Service (edgeupdatem)","System.ServiceProcess.ServiceController[]",".","edgeupdatem","System.ServiceProcess.ServiceController[]","SafeServiceHandle","Stopped","Win32OwnProcess","Manual",,
"EFS","System.ServiceProcess.ServiceController[]","False","False","False","EFS (Encrypting File System)","System.ServiceProcess.ServiceController[]",".","EFS","System.ServiceProcess.ServiceController[]",,"Stopped","Win32ShareProcess","Manual",,
"embeddedmode","System.ServiceProcess.ServiceController[]","False","False","False","Modo Incorporado","System.ServiceProcess.ServiceController[]",".","embeddedmode","System.ServiceProcess.ServiceController[]","SafeServiceHandle","Stopped","Win32ShareProcess","Manual",,
"EntAppSvc","System.ServiceProcess.ServiceController[]","False","False","False","Servi?o de Gerenciamento de Aplicativos Empresariais","System.ServiceProcess.ServiceController[]",".","EntAppSvc","System.ServiceProcess.ServiceController[]","SafeServiceHandle","Stopped","Win32ShareProcess","Manual",,
"EventLog","System.ServiceProcess.ServiceController[]","False","True","True","Log de Eventos do Windows","System.ServiceProcess.ServiceController[]",".","EventLog","System.ServiceProcess.ServiceController[]","SafeServiceHandle","Running","Win32OwnProcess, Win32ShareProcess","Automatic",,
"EventSystem","System.ServiceProcess.ServiceController[]","False","False","True","COM+ evento do sistema","System.ServiceProcess.ServiceController[]",".","EventSystem","System.ServiceProcess.ServiceController[]","SafeServiceHandle","Running","Win32OwnProcess, Win32ShareProcess","Automatic",,
"Fax","System.ServiceProcess.ServiceController[]","False","False","False","Fax","System.ServiceProcess.ServiceController[]",".","Fax","System.ServiceProcess.ServiceController[]","SafeServiceHandle","Stopped","Win32OwnProcess","Manual",,
"fdPHost","System.ServiceProcess.ServiceController[]","False","False","False","Host de Provedor da Descoberta de Fun??o","System.ServiceProcess.ServiceController[]",".","fdPHost","System.ServiceProcess.ServiceController[]","SafeServiceHandle","Stopped","Win32OwnProcess, Win32ShareProcess","Manual",,
"FDResPub","System.ServiceProcess.ServiceController[]","False","False","False","Publica??o de Recursos de Descoberta de Fun??o","System.ServiceProcess.ServiceController[]",".","FDResPub","System.ServiceProcess.ServiceController[]","SafeServiceHandle","Stopped","Win32ShareProcess","Manual",,
"fhsvc","System.ServiceProcess.ServiceController[]","False","False","False","Servi?o de Hist?rico de Arquivos","System.ServiceProcess.ServiceController[]",".","fhsvc","System.ServiceProcess.ServiceController[]","SafeServiceHandle","Stopped","Win32ShareProcess","Manual",,
"FontCache","System.ServiceProcess.ServiceController[]","False","True","True","Servi?o de Cache de Fontes do Windows","System.ServiceProcess.ServiceController[]",".","FontCache","System.ServiceProcess.ServiceController[]","SafeServiceHandle","Running","Win32OwnProcess, Win32ShareProcess","Automatic",,
"FontCache3.0.0.0","System.ServiceProcess.ServiceController[]","False","True","True","Windows Presentation Foundation Font Cache 3.0.0.0","System.ServiceProcess.ServiceController[]",".","FontCache3.0.0.0","System.ServiceProcess.ServiceController[]","SafeServiceHandle","Running","Win32OwnProcess","Manual",,
"FoxitPhantomPDFUpdateService","System.ServiceProcess.ServiceController[]","False","True","True","Foxit PDF Editor Update Service","System.ServiceProcess.ServiceController[]",".","FoxitPhantomPDFUpdateService","System.ServiceProcess.ServiceController[]","SafeServiceHandle","Running","Win32OwnProcess","Automatic",,
"FoxitReaderUpdateService","System.ServiceProcess.ServiceController[]","False","True","True","Foxit PDF Reader Update Service","System.ServiceProcess.ServiceController[]",".","FoxitReaderUpdateService","System.ServiceProcess.ServiceController[]","SafeServiceHandle","Running","Win32OwnProcess, InteractiveProcess","Automatic",,
"FrameServer","System.ServiceProcess.ServiceController[]","False","False","False","Servidor de Quadros de C?mera do Windows","System.ServiceProcess.ServiceController[]",".","FrameServer","System.ServiceProcess.ServiceController[]","SafeServiceHandle","Stopped","Win32OwnProcess, Win32ShareProcess","Manual",,
"GoogleChromeElevationService","System.ServiceProcess.ServiceController[]","False","False","False","Google Chrome Elevation Service (GoogleChromeElevationService)","System.ServiceProcess.ServiceController[]",".","GoogleChromeElevationService","System.ServiceProcess.ServiceController[]","SafeServiceHandle","Stopped","Win32OwnProcess","Manual",,
"gpsvc","System.ServiceProcess.ServiceController[]","False","False","True","Cliente da Pol?tica de Grupo","System.ServiceProcess.ServiceController[]",".","gpsvc","System.ServiceProcess.ServiceController[]",,"Running","Win32OwnProcess","Automatic",,
"GraphicsPerfSvc","System.ServiceProcess.ServiceController[]","False","False","False","GraphicsPerfSvc","System.ServiceProcess.ServiceController[]",".","GraphicsPerfSvc","System.ServiceProcess.ServiceController[]","SafeServiceHandle","Stopped","Win32ShareProcess","Manual",,
"gupdate","System.ServiceProcess.ServiceController[]","False","False","False","Servi?o do Google Update (gupdate)","System.ServiceProcess.ServiceController[]",".","gupdate","System.ServiceProcess.ServiceController[]","SafeServiceHandle","Stopped","Win32OwnProcess","Automatic",,
"gupdatem","System.ServiceProcess.ServiceController[]","False","False","False","Servi?o do Google Update (gupdatem)","System.ServiceProcess.ServiceController[]",".","gupdatem","System.ServiceProcess.ServiceController[]","SafeServiceHandle","Stopped","Win32OwnProcess","Manual",,
"HgClientService","System.ServiceProcess.ServiceController[]","False","False","False","Servi?o de Cliente do Guardi?o de Host","System.ServiceProcess.ServiceController[]",".","HgClientService","System.ServiceProcess.ServiceController[]","SafeServiceHandle","Stopped","Win32ShareProcess","Manual",,
"hidserv","System.ServiceProcess.ServiceController[]","False","True","True","Servi?o de Dispositivos de Interface Humana","System.ServiceProcess.ServiceController[]",".","hidserv","System.ServiceProcess.ServiceController[]","SafeServiceHandle","Running","Win32OwnProcess, Win32ShareProcess","Manual",,
"hns","System.ServiceProcess.ServiceController[]","False","False","True","Servi?o de Rede Host","System.ServiceProcess.ServiceController[]",".","hns","System.ServiceProcess.ServiceController[]","SafeServiceHandle","Running","Win32OwnProcess, Win32ShareProcess","Manual",,
"HvHost","System.ServiceProcess.ServiceController[]","False","True","True","Servi?o de Host HV","System.ServiceProcess.ServiceController[]",".","HvHost","System.ServiceProcess.ServiceController[]","SafeServiceHandle","Running","Win32OwnProcess, Win32ShareProcess","Manual",,
"IBM Notes Diagnostics","System.ServiceProcess.ServiceController[]","False","False","False","Diagn?stico do IBM Notes","System.ServiceProcess.ServiceController[]",".","IBM Notes Diagnostics","System.ServiceProcess.ServiceController[]","SafeServiceHandle","Stopped","Win32OwnProcess, InteractiveProcess","Disabled",,
"icssvc","System.ServiceProcess.ServiceController[]","False","False","False","Servi?o de Hotspot M?vel do Windows","System.ServiceProcess.ServiceController[]",".","icssvc","System.ServiceProcess.ServiceController[]","SafeServiceHandle","Stopped","Win32ShareProcess","Manual",,
"igccservice","System.ServiceProcess.ServiceController[]","True","True","True","Intel(R) Graphics Command Center Service","System.ServiceProcess.ServiceController[]",".","igccservice","System.ServiceProcess.ServiceController[]","SafeServiceHandle","Running","Win32OwnProcess","Automatic",,
"igfxCUIService2.0.0.0","System.ServiceProcess.ServiceController[]","False","False","True","Intel(R) HD Graphics Control Panel Service","System.ServiceProcess.ServiceController[]",".","igfxCUIService2.0.0.0","System.ServiceProcess.ServiceController[]","SafeServiceHandle","Running","Win32OwnProcess","Automatic",,
"IKEEXT","System.ServiceProcess.ServiceController[]","False","True","True","M?dulos de Cria??o de Chaves IKE e AuthIP do IPSec","System.ServiceProcess.ServiceController[]",".","IKEEXT","System.ServiceProcess.ServiceController[]","SafeServiceHandle","Running","Win32OwnProcess, Win32ShareProcess","Automatic",,
"InstallService","System.ServiceProcess.ServiceController[]","False","False","True","Servi?o de Instala??o da Microsoft Store","System.ServiceProcess.ServiceController[]",".","InstallService","System.ServiceProcess.ServiceController[]","SafeServiceHandle","Running","Win32OwnProcess","Manual",,
"Intel(R) Capability Licensing Service TCP IP Interface","System.ServiceProcess.ServiceController[]","False","False","False","Intel(R) Capability Licensing Service TCP IP Interface","System.ServiceProcess.ServiceController[]",".","Intel(R) Capability Licensing Service TCP IP Interface","System.ServiceProcess.ServiceController[]","SafeServiceHandle","Stopped","Win32OwnProcess","Manual",,
"Intel(R) TPM Provisioning Service","System.ServiceProcess.ServiceController[]","False","False","False","Intel(R) TPM Provisioning Service","System.ServiceProcess.ServiceController[]",".","Intel(R) TPM Provisioning Service","System.ServiceProcess.ServiceController[]","SafeServiceHandle","Stopped","Win32OwnProcess","Automatic",,
"iphlpsvc","System.ServiceProcess.ServiceController[]","False","False","True","Auxiliar de IP","System.ServiceProcess.ServiceController[]",".","iphlpsvc","System.ServiceProcess.ServiceController[]","SafeServiceHandle","Running","Win32OwnProcess, Win32ShareProcess","Automatic",,
"IpxlatCfgSvc","System.ServiceProcess.ServiceController[]","False","False","False","Servi?o de Configura??o de Convers?o de IP","System.ServiceProcess.ServiceController[]",".","IpxlatCfgSvc","System.ServiceProcess.ServiceController[]","SafeServiceHandle","Stopped","Win32ShareProcess","Manual",,
"iVPAgent","System.ServiceProcess.ServiceController[]","False","True","False","Trend Micro Vulnerability Protection Service (Agent)","System.ServiceProcess.ServiceController[]",".","iVPAgent","System.ServiceProcess.ServiceController[]","SafeServiceHandle","Running","Win32OwnProcess","Manual",,
"jhi_service","System.ServiceProcess.ServiceController[]","False","False","True","Intel(R) Dynamic Application Loader Host Interface Service","System.ServiceProcess.ServiceController[]",".","jhi_service","System.ServiceProcess.ServiceController[]","SafeServiceHandle","Running","Win32OwnProcess","Automatic",,
"KeyIso","System.ServiceProcess.ServiceController[]","False","False","True","Isolamento de Chave CNG","System.ServiceProcess.ServiceController[]",".","KeyIso","System.ServiceProcess.ServiceController[]","SafeServiceHandle","Running","Win32ShareProcess","Manual",,
"KtmRm","System.ServiceProcess.ServiceController[]","False","False","False","KtmRm para Coordenador de Transa??es Distribu?das","System.ServiceProcess.ServiceController[]",".","KtmRm","System.ServiceProcess.ServiceController[]","SafeServiceHandle","Stopped","Win32ShareProcess","Manual",,
"LanmanServer","System.ServiceProcess.ServiceController[]","False","False","True","Server","System.ServiceProcess.ServiceController[]",".","LanmanServer","System.ServiceProcess.ServiceController[]","SafeServiceHandle","Running","Win32OwnProcess, Win32ShareProcess","Automatic",,
"LanmanWorkstation","System.ServiceProcess.ServiceController[]","True","False","True","Esta??o de trabalho","System.ServiceProcess.ServiceController[]",".","LanmanWorkstation","System.ServiceProcess.ServiceController[]","SafeServiceHandle","Running","Win32OwnProcess, Win32ShareProcess","Automatic",,
"lfsvc","System.ServiceProcess.ServiceController[]","False","False","True","Servi?o de Geolocaliza??o","System.ServiceProcess.ServiceController[]",".","lfsvc","System.ServiceProcess.ServiceController[]","SafeServiceHandle","Running","Win32OwnProcess, Win32ShareProcess","Manual",,
"LicenseManager","System.ServiceProcess.ServiceController[]","False","False","True","Servi?o de Gerenciador de Licen?a do Windows","System.ServiceProcess.ServiceController[]",".","LicenseManager","System.ServiceProcess.ServiceController[]","SafeServiceHandle","Running","Win32OwnProcess, Win32ShareProcess","Manual",,
"lltdsvc","System.ServiceProcess.ServiceController[]","False","False","False","Mapeador da Descoberta de Topologia da Camada de Link","System.ServiceProcess.ServiceController[]",".","lltdsvc","System.ServiceProcess.ServiceController[]","SafeServiceHandle","Stopped","Win32ShareProcess","Manual",,
"lmhosts","System.ServiceProcess.ServiceController[]","False","False","True","Auxiliar NetBIOS TCP/IP","System.ServiceProcess.ServiceController[]",".","lmhosts","System.ServiceProcess.ServiceController[]","SafeServiceHandle","Running","Win32OwnProcess, Win32ShareProcess","Manual",,
"LMS","System.ServiceProcess.ServiceController[]","False","True","True","Intel(R) Management and Security Application Local Management Service","System.ServiceProcess.ServiceController[]",".","LMS","System.ServiceProcess.ServiceController[]","SafeServiceHandle","Running","Win32OwnProcess","Automatic",,
"LNSUSvc","System.ServiceProcess.ServiceController[]","False","False","False","Servi?o de atualiza??o inteligente do IBM Notes       ","System.ServiceProcess.ServiceController[]",".","LNSUSvc","System.ServiceProcess.ServiceController[]","SafeServiceHandle","Stopped","Win32OwnProcess, InteractiveProcess","Disabled",,
"lpasvc","System.ServiceProcess.ServiceController[]","False","False","False","Microsoft Policy Platform Local Authority","System.ServiceProcess.ServiceController[]",".","lpasvc","System.ServiceProcess.ServiceController[]","SafeServiceHandle","Stopped","Win32ShareProcess","Manual",,
"lppsvc","System.ServiceProcess.ServiceController[]","False","False","False","Microsoft Policy Platform Processor","System.ServiceProcess.ServiceController[]",".","lppsvc","System.ServiceProcess.ServiceController[]","SafeServiceHandle","Stopped","Win32ShareProcess","Manual",,
"LSM","System.ServiceProcess.ServiceController[]","False","False","False","Gerenciador de Sess?o Local","System.ServiceProcess.ServiceController[]",".","LSM","System.ServiceProcess.ServiceController[]",,"Running","Win32OwnProcess, Win32ShareProcess","Automatic",,
"LxpSvc","System.ServiceProcess.ServiceController[]","False","False","False","Servi?o de Experi?ncia em Idiomas","System.ServiceProcess.ServiceController[]",".","LxpSvc","System.ServiceProcess.ServiceController[]","SafeServiceHandle","Stopped","Win32OwnProcess, Win32ShareProcess","Manual",,
"LxssManager","System.ServiceProcess.ServiceController[]","False","False","False","LxssManager","System.ServiceProcess.ServiceController[]",".","LxssManager","System.ServiceProcess.ServiceController[]","SafeServiceHandle","Stopped","Win32ShareProcess","Manual",,
"LxssManagerUser_1b43a1","System.ServiceProcess.ServiceController[]","False","False","False","LxssManagerUser_1b43a1","System.ServiceProcess.ServiceController[]",".","LxssManagerUser_1b43a1","System.ServiceProcess.ServiceController[]","SafeServiceHandle","Stopped","224","Manual",,
"MapsBroker","System.ServiceProcess.ServiceController[]","False","False","False","Gerenciador de Mapas Baixados","System.ServiceProcess.ServiceController[]",".","MapsBroker","System.ServiceProcess.ServiceController[]","SafeServiceHandle","Stopped","Win32OwnProcess","Automatic",,
"McpManagementService","System.ServiceProcess.ServiceController[]","False","False","False","McpManagementService","System.ServiceProcess.ServiceController[]",".","McpManagementService","System.ServiceProcess.ServiceController[]","SafeServiceHandle","Stopped","Win32OwnProcess","Manual",,
"MessagingService_1b43a1","System.ServiceProcess.ServiceController[]","False","False","False","MessagingService_1b43a1","System.ServiceProcess.ServiceController[]",".","MessagingService_1b43a1","System.ServiceProcess.ServiceController[]","SafeServiceHandle","Stopped","224","Manual",,
"MicrosoftEdgeElevationService","System.ServiceProcess.ServiceController[]","False","False","False","Microsoft Edge Elevation Service (MicrosoftEdgeElevationService)","System.ServiceProcess.ServiceController[]",".","MicrosoftEdgeElevationService","System.ServiceProcess.ServiceController[]","SafeServiceHandle","Stopped","Win32OwnProcess","Manual",,
"MicrosoftSearchInBing","System.ServiceProcess.ServiceController[]","False","False","False","Microsoft Search in Bing","System.ServiceProcess.ServiceController[]",".","MicrosoftSearchInBing","System.ServiceProcess.ServiceController[]","SafeServiceHandle","Stopped","Win32OwnProcess","Automatic",,
"MixedRealityOpenXRSvc","System.ServiceProcess.ServiceController[]","False","False","False","Windows Mixed Reality OpenXR Service","System.ServiceProcess.ServiceController[]",".","MixedRealityOpenXRSvc","System.ServiceProcess.ServiceController[]","SafeServiceHandle","Stopped","Win32ShareProcess","Manual",,
"MozillaMaintenance","System.ServiceProcess.ServiceController[]","False","False","False","Mozilla Maintenance Service","System.ServiceProcess.ServiceController[]",".","MozillaMaintenance","System.ServiceProcess.ServiceController[]","SafeServiceHandle","Stopped","Win32OwnProcess","Manual",,
"mpssvc","System.ServiceProcess.ServiceController[]","False","False","False","Windows Defender Firewall","System.ServiceProcess.ServiceController[]",".","mpssvc","System.ServiceProcess.ServiceController[]",,"Running","Win32ShareProcess","Automatic",,
"MSDTC","System.ServiceProcess.ServiceController[]","False","True","True","Coordenador de transa??es distribu?das","System.ServiceProcess.ServiceController[]",".","MSDTC","System.ServiceProcess.ServiceController[]",,"Running","Win32OwnProcess","Manual",,
"MSiSCSI","System.ServiceProcess.ServiceController[]","False","False","False","Servi?o Iniciador Microsoft iSCSI","System.ServiceProcess.ServiceController[]",".","MSiSCSI","System.ServiceProcess.ServiceController[]","SafeServiceHandle","Stopped","Win32ShareProcess","Manual",,
"msiserver","System.ServiceProcess.ServiceController[]","False","True","True","Windows Installer","System.ServiceProcess.ServiceController[]",".","msiserver","System.ServiceProcess.ServiceController[]","SafeServiceHandle","Running","Win32OwnProcess","Manual",,
"MsKeyboardFilter","System.ServiceProcess.ServiceController[]","False","False","False","Filtro de Teclado da Microsoft","System.ServiceProcess.ServiceController[]",".","MsKeyboardFilter","System.ServiceProcess.ServiceController[]","SafeServiceHandle","Stopped","Win32ShareProcess","Disabled",,
"Multi-user Cleanup Service","System.ServiceProcess.ServiceController[]","False","True","True","Multi-user Cleanup Service","System.ServiceProcess.ServiceController[]",".","Multi-user Cleanup Service","System.ServiceProcess.ServiceController[]","SafeServiceHandle","Running","Win32OwnProcess, InteractiveProcess","Automatic",,
"NaturalAuthentication","System.ServiceProcess.ServiceController[]","False","False","False","Autentica??o Natural","System.ServiceProcess.ServiceController[]",".","NaturalAuthentication","System.ServiceProcess.ServiceController[]","SafeServiceHandle","Stopped","Win32ShareProcess","Manual",,
"NcaSvc","System.ServiceProcess.ServiceController[]","False","False","False","Assistente de Conectividade de Rede","System.ServiceProcess.ServiceController[]",".","NcaSvc","System.ServiceProcess.ServiceController[]","SafeServiceHandle","Stopped","Win32OwnProcess, Win32ShareProcess","Manual",,
"NcbService","System.ServiceProcess.ServiceController[]","False","False","True","Agente de Conex?o de Rede","System.ServiceProcess.ServiceController[]",".","NcbService","System.ServiceProcess.ServiceController[]","SafeServiceHandle","Running","Win32OwnProcess, Win32ShareProcess","Manual",,
"NcdAutoSetup","System.ServiceProcess.ServiceController[]","False","False","False","Instala??o Autom?tica de Dispositivos Conectados ? Rede","System.ServiceProcess.ServiceController[]",".","NcdAutoSetup","System.ServiceProcess.ServiceController[]","SafeServiceHandle","Stopped","Win32ShareProcess","Manual",,
"Netlogon","System.ServiceProcess.ServiceController[]","True","False","True","Logon de rede","System.ServiceProcess.ServiceController[]",".","Netlogon","System.ServiceProcess.ServiceController[]","SafeServiceHandle","Running","Win32ShareProcess","Automatic",,
"Netman","System.ServiceProcess.ServiceController[]","False","False","True","Conex?es de Rede","System.ServiceProcess.ServiceController[]",".","Netman","System.ServiceProcess.ServiceController[]","SafeServiceHandle","Running","Win32OwnProcess, Win32ShareProcess","Manual",,
"netprofm","System.ServiceProcess.ServiceController[]","False","False","True","Servi?o da Lista de Redes","System.ServiceProcess.ServiceController[]",".","netprofm","System.ServiceProcess.ServiceController[]","SafeServiceHandle","Running","Win32OwnProcess, Win32ShareProcess","Manual",,
"NetSetupSvc","System.ServiceProcess.ServiceController[]","False","False","False","Servi?o de Configura??o de Rede","System.ServiceProcess.ServiceController[]",".","NetSetupSvc","System.ServiceProcess.ServiceController[]","SafeServiceHandle","Stopped","Win32OwnProcess, Win32ShareProcess","Manual",,
"NetTcpPortSharing","System.ServiceProcess.ServiceController[]","False","False","False","Servi?o de Compartilhamento de Porta Net.Tcp","System.ServiceProcess.ServiceController[]",".","NetTcpPortSharing","System.ServiceProcess.ServiceController[]","SafeServiceHandle","Stopped","Win32ShareProcess","Disabled",,
"NgcCtnrSvc","System.ServiceProcess.ServiceController[]","False","False","False","Cont?iner do Microsoft Passport","System.ServiceProcess.ServiceController[]",".","NgcCtnrSvc","System.ServiceProcess.ServiceController[]",,"Stopped","Win32OwnProcess, Win32ShareProcess","Manual",,
"NgcSvc","System.ServiceProcess.ServiceController[]","False","False","False","Microsoft Passport","System.ServiceProcess.ServiceController[]",".","NgcSvc","System.ServiceProcess.ServiceController[]",,"Stopped","Win32OwnProcess, Win32ShareProcess","Manual",,
"NlaSvc","System.ServiceProcess.ServiceController[]","False","False","True","Reconhecimento de Locais de Rede","System.ServiceProcess.ServiceController[]",".","NlaSvc","System.ServiceProcess.ServiceController[]","SafeServiceHandle","Running","Win32OwnProcess, Win32ShareProcess","Automatic",,
"nsi","System.ServiceProcess.ServiceController[]","False","False","True","Servi?o de Interface de Reposit?rio de Rede","System.ServiceProcess.ServiceController[]",".","nsi","System.ServiceProcess.ServiceController[]","SafeServiceHandle","Running","Win32OwnProcess, Win32ShareProcess","Automatic",,
"ntrtscan","System.ServiceProcess.ServiceController[]","False","True","False","Apex One NT RealTime Scan","System.ServiceProcess.ServiceController[]",".","ntrtscan","System.ServiceProcess.ServiceController[]","SafeServiceHandle","Running","Win32OwnProcess","Automatic",,
"nvagent","System.ServiceProcess.ServiceController[]","False","True","True","Servi?o de Virtualiza??o de Rede","System.ServiceProcess.ServiceController[]",".","nvagent","System.ServiceProcess.ServiceController[]","SafeServiceHandle","Running","Win32OwnProcess, Win32ShareProcess","Manual",,
"NVDisplay.ContainerLocalSystem","System.ServiceProcess.ServiceController[]","False","True","True","NVIDIA Display Container LS","System.ServiceProcess.ServiceController[]",".","NVDisplay.ContainerLocalSystem","System.ServiceProcess.ServiceController[]","SafeServiceHandle","Running","Win32OwnProcess","Automatic",,
"NVWMI","System.ServiceProcess.ServiceController[]","False","False","True","NVIDIA WMI Provider","System.ServiceProcess.ServiceController[]",".","NVWMI","System.ServiceProcess.ServiceController[]","SafeServiceHandle","Running","Win32OwnProcess","Automatic",,
"OfficeSvcManagerAddons","System.ServiceProcess.ServiceController[]","False","False","False","OfficeSvcManagerAddons","System.ServiceProcess.ServiceController[]",".","OfficeSvcManagerAddons","System.ServiceProcess.ServiceController[]","SafeServiceHandle","Stopped","Win32OwnProcess","Manual",,
"OneSyncSvc_1b43a1","System.ServiceProcess.ServiceController[]","False","False","True","Host de Sincroniza??o_1b43a1","System.ServiceProcess.ServiceController[]",".","OneSyncSvc_1b43a1","System.ServiceProcess.ServiceController[]","SafeServiceHandle","Running","224","Automatic",,
"ose","System.ServiceProcess.ServiceController[]","False","False","False","Office  Source Engine","System.ServiceProcess.ServiceController[]",".","ose","System.ServiceProcess.ServiceController[]","SafeServiceHandle","Stopped","Win32OwnProcess","Manual",,
"p2pimsvc","System.ServiceProcess.ServiceController[]","False","False","False","Gerenciador de Identidades de Rede de Par","System.ServiceProcess.ServiceController[]",".","p2pimsvc","System.ServiceProcess.ServiceController[]","SafeServiceHandle","Stopped","Win32ShareProcess","Manual",,
"p2psvc","System.ServiceProcess.ServiceController[]","False","False","False","Agrupamento de Rede de Par","System.ServiceProcess.ServiceController[]",".","p2psvc","System.ServiceProcess.ServiceController[]","SafeServiceHandle","Stopped","Win32ShareProcess","Manual",,
"PcaSvc","System.ServiceProcess.ServiceController[]","False","True","True","Servi?o Auxiliar de Compatibilidade de Programas","System.ServiceProcess.ServiceController[]",".","PcaSvc","System.ServiceProcess.ServiceController[]","SafeServiceHandle","Running","Win32OwnProcess, Win32ShareProcess","Manual",,
"PeerDistSvc","System.ServiceProcess.ServiceController[]","False","False","False","BranchCache","System.ServiceProcess.ServiceController[]",".","PeerDistSvc","System.ServiceProcess.ServiceController[]","SafeServiceHandle","Stopped","Win32ShareProcess","Manual",,
"perceptionsimulation","System.ServiceProcess.ServiceController[]","False","False","False","Servi?o de Simula??o de Percep??o do Windows","System.ServiceProcess.ServiceController[]",".","perceptionsimulation","System.ServiceProcess.ServiceController[]","SafeServiceHandle","Stopped","Win32OwnProcess","Manual",,
"PerfHost","System.ServiceProcess.ServiceController[]","False","False","False","Host de DLL de Contador de Desempenho","System.ServiceProcess.ServiceController[]",".","PerfHost","System.ServiceProcess.ServiceController[]","SafeServiceHandle","Stopped","Win32OwnProcess","Manual",,
"PhoneSvc","System.ServiceProcess.ServiceController[]","False","False","False","Servi?o de Telefonia","System.ServiceProcess.ServiceController[]",".","PhoneSvc","System.ServiceProcess.ServiceController[]","SafeServiceHandle","Stopped","Win32ShareProcess","Manual",,
"pibufss","System.ServiceProcess.ServiceController[]","False","False","False","PI Buffer Subsystem","System.ServiceProcess.ServiceController[]",".","pibufss","System.ServiceProcess.ServiceController[]","SafeServiceHandle","Stopped","Win32OwnProcess","Manual",,
"pilogsrv","System.ServiceProcess.ServiceController[]","True","True","True","PIPC Log Server","System.ServiceProcess.ServiceController[]",".","pilogsrv","System.ServiceProcess.ServiceController[]","SafeServiceHandle","Running","Win32OwnProcess","Automatic",,
"pilogsrvX64","System.ServiceProcess.ServiceController[]","True","True","True","PIPC Log Server x64","System.ServiceProcess.ServiceController[]",".","pilogsrvX64","System.ServiceProcess.ServiceController[]","SafeServiceHandle","Running","Win32OwnProcess","Automatic",,
"PimIndexMaintenanceSvc_1b43a1","System.ServiceProcess.ServiceController[]","False","False","True","Dados de Contato_1b43a1","System.ServiceProcess.ServiceController[]",".","PimIndexMaintenanceSvc_1b43a1","System.ServiceProcess.ServiceController[]","SafeServiceHandle","Running","224","Manual",,
"pimsgss","System.ServiceProcess.ServiceController[]","True","True","True","PI Message Subsystem","System.ServiceProcess.ServiceController[]",".","pimsgss","System.ServiceProcess.ServiceController[]","SafeServiceHandle","Running","Win32OwnProcess","Automatic",,
"pinetmgr","System.ServiceProcess.ServiceController[]","True","True","True","PI Network Manager","System.ServiceProcess.ServiceController[]",".","pinetmgr","System.ServiceProcess.ServiceController[]","SafeServiceHandle","Running","Win32OwnProcess","Automatic",,
"pla","System.ServiceProcess.ServiceController[]","False","False","False","Logs e alertas de desempenho","System.ServiceProcess.ServiceController[]",".","pla","System.ServiceProcess.ServiceController[]","SafeServiceHandle","Stopped","Win32ShareProcess","Manual",,
"PlugPlay","System.ServiceProcess.ServiceController[]","False","True","True","Plug and Play","System.ServiceProcess.ServiceController[]",".","PlugPlay","System.ServiceProcess.ServiceController[]","SafeServiceHandle","Running","Win32ShareProcess","Manual",,
"PNRPAutoReg","System.ServiceProcess.ServiceController[]","False","False","False","Servi?o de Publica??o de Nome de Computador do PNRP","System.ServiceProcess.ServiceController[]",".","PNRPAutoReg","System.ServiceProcess.ServiceController[]","SafeServiceHandle","Stopped","Win32ShareProcess","Manual",,
"PNRPsvc","System.ServiceProcess.ServiceController[]","False","False","False","Protocolo PNRP","System.ServiceProcess.ServiceController[]",".","PNRPsvc","System.ServiceProcess.ServiceController[]","SafeServiceHandle","Stopped","Win32ShareProcess","Manual",,
"PolicyAgent","System.ServiceProcess.ServiceController[]","False","True","True","Agente de Pol?tica IPsec","System.ServiceProcess.ServiceController[]",".","PolicyAgent","System.ServiceProcess.ServiceController[]","SafeServiceHandle","Running","Win32OwnProcess, Win32ShareProcess","Manual",,
"Power","System.ServiceProcess.ServiceController[]","False","False","False","Desligar","System.ServiceProcess.ServiceController[]",".","Power","System.ServiceProcess.ServiceController[]","SafeServiceHandle","Running","Win32ShareProcess","Automatic",,
"PrintNotify","System.ServiceProcess.ServiceController[]","False","False","False","Extens?es e Notifica??es da Impressora","System.ServiceProcess.ServiceController[]",".","PrintNotify","System.ServiceProcess.ServiceController[]","SafeServiceHandle","Stopped","Win32ShareProcess, InteractiveProcess","Manual",,
"PrintWorkflowUserSvc_1b43a1","System.ServiceProcess.ServiceController[]","False","False","True","PrintWorkflow_1b43a1","System.ServiceProcess.ServiceController[]",".","PrintWorkflowUserSvc_1b43a1","System.ServiceProcess.ServiceController[]",,"Running","240","Manual",,
"ProfSvc","System.ServiceProcess.ServiceController[]","False","True","True","Servi?o de Perfil de Usu?rio","System.ServiceProcess.ServiceController[]",".","ProfSvc","System.ServiceProcess.ServiceController[]","SafeServiceHandle","Running","Win32OwnProcess, Win32ShareProcess","Automatic",,
"PushToInstall","System.ServiceProcess.ServiceController[]","False","False","False","Servi?o Windows PushToInstall","System.ServiceProcess.ServiceController[]",".","PushToInstall","System.ServiceProcess.ServiceController[]","SafeServiceHandle","Stopped","Win32OwnProcess, Win32ShareProcess","Manual",,
"QWAVE","System.ServiceProcess.ServiceController[]","False","False","False","Quality Windows Audio Video Experience","System.ServiceProcess.ServiceController[]",".","QWAVE","System.ServiceProcess.ServiceController[]","SafeServiceHandle","Stopped","Win32ShareProcess","Manual",,
"RasAuto","System.ServiceProcess.ServiceController[]","False","False","False","Gerenciador de conex?o de acesso remoto autom?tico","System.ServiceProcess.ServiceController[]",".","RasAuto","System.ServiceProcess.ServiceController[]","SafeServiceHandle","Stopped","Win32ShareProcess","Manual",,
"RasMan","System.ServiceProcess.ServiceController[]","False","True","True","Gerenciador de conex?o de acesso remoto","System.ServiceProcess.ServiceController[]",".","RasMan","System.ServiceProcess.ServiceController[]","SafeServiceHandle","Running","Win32ShareProcess","Automatic",,
"RemoteAccess","System.ServiceProcess.ServiceController[]","False","False","False","Roteamento e Acesso Remoto","System.ServiceProcess.ServiceController[]",".","RemoteAccess","System.ServiceProcess.ServiceController[]","SafeServiceHandle","Stopped","Win32ShareProcess","Disabled",,
"RemoteRegistry","System.ServiceProcess.ServiceController[]","False","False","False","Registro remoto","System.ServiceProcess.ServiceController[]",".","RemoteRegistry","System.ServiceProcess.ServiceController[]","SafeServiceHandle","Stopped","Win32OwnProcess, Win32ShareProcess","Automatic",,
"RetailDemo","System.ServiceProcess.ServiceController[]","False","False","False","Servi?o de Demonstra??o de Revenda","System.ServiceProcess.ServiceController[]",".","RetailDemo","System.ServiceProcess.ServiceController[]","SafeServiceHandle","Stopped","Win32ShareProcess","Manual",,
"RmSvc","System.ServiceProcess.ServiceController[]","False","False","True","Servi?o de Gerenciamento de R?dio","System.ServiceProcess.ServiceController[]",".","RmSvc","System.ServiceProcess.ServiceController[]",,"Running","Win32OwnProcess, Win32ShareProcess","Manual",,
"RpcEptMapper","System.ServiceProcess.ServiceController[]","False","False","False","Mapeador de Ponto de Extremidade RPC","System.ServiceProcess.ServiceController[]",".","RpcEptMapper","System.ServiceProcess.ServiceController[]",,"Running","Win32ShareProcess","Automatic",,
"RpcLocator","System.ServiceProcess.ServiceController[]","False","False","False","Alocador Remote Procedure Call (RPC)","System.ServiceProcess.ServiceController[]",".","RpcLocator","System.ServiceProcess.ServiceController[]","SafeServiceHandle","Stopped","Win32OwnProcess","Manual",,
"RpcSs","System.ServiceProcess.ServiceController[]","False","False","False","RPC (Chamada de Procedimento Remoto)","System.ServiceProcess.ServiceController[]",".","RpcSs","System.ServiceProcess.ServiceController[]",,"Running","Win32ShareProcess","Automatic",,
"RtkAudioUniversalService","System.ServiceProcess.ServiceController[]","False","True","True","Realtek Audio Universal Service","System.ServiceProcess.ServiceController[]",".","RtkAudioUniversalService","System.ServiceProcess.ServiceController[]","SafeServiceHandle","Running","Win32OwnProcess","Automatic",,
"SamSs","System.ServiceProcess.ServiceController[]","False","False","False","Gerente de Contas de Seguran?a","System.ServiceProcess.ServiceController[]",".","SamSs","System.ServiceProcess.ServiceController[]","SafeServiceHandle","Running","Win32ShareProcess","Automatic",,
"SCardSvr","System.ServiceProcess.ServiceController[]","False","False","False","Cart?o inteligente","System.ServiceProcess.ServiceController[]",".","SCardSvr","System.ServiceProcess.ServiceController[]",,"Stopped","Win32ShareProcess","Manual",,
"ScDeviceEnum","System.ServiceProcess.ServiceController[]","False","False","False","Servi?o de Enumera??o de Dispositivo de Cart?o Inteligente","System.ServiceProcess.ServiceController[]",".","ScDeviceEnum","System.ServiceProcess.ServiceController[]",,"Stopped","Win32ShareProcess","Manual",,
"Schedule","System.ServiceProcess.ServiceController[]","False","True","True","Agendador de Tarefas","System.ServiceProcess.ServiceController[]",".","Schedule","System.ServiceProcess.ServiceController[]",,"Running","Win32OwnProcess, Win32ShareProcess","Automatic",,
"scpbradserv","System.ServiceProcess.ServiceController[]","False","True","True","Componente de Seguran?a Bradesco","System.ServiceProcess.ServiceController[]",".","scpbradserv","System.ServiceProcess.ServiceController[]","SafeServiceHandle","Running","Win32OwnProcess","Automatic",,
"SCPolicySvc","System.ServiceProcess.ServiceController[]","False","False","False","Pol?tica de Remo??o de Cart?o Inteligente","System.ServiceProcess.ServiceController[]",".","SCPolicySvc","System.ServiceProcess.ServiceController[]",,"Stopped","Win32ShareProcess","Manual",,
"SDRSVC","System.ServiceProcess.ServiceController[]","False","False","False","Backup do Windows","System.ServiceProcess.ServiceController[]",".","SDRSVC","System.ServiceProcess.ServiceController[]","SafeServiceHandle","Stopped","Win32OwnProcess","Manual",,
"seclogon","System.ServiceProcess.ServiceController[]","True","False","False","Logon secund?rio","System.ServiceProcess.ServiceController[]",".","seclogon","System.ServiceProcess.ServiceController[]","SafeServiceHandle","Running","Win32OwnProcess, Win32ShareProcess","Manual",,
"SecurityHealthService","System.ServiceProcess.ServiceController[]","False","False","False","Servi?o de Seguran?a do Windows","System.ServiceProcess.ServiceController[]",".","SecurityHealthService","System.ServiceProcess.ServiceController[]",,"Running","Win32OwnProcess","Manual",,
"SEMgrSvc","System.ServiceProcess.ServiceController[]","False","False","False","Gerenciador de NFC/SE e Pagamentos","System.ServiceProcess.ServiceController[]",".","SEMgrSvc","System.ServiceProcess.ServiceController[]","SafeServiceHandle","Stopped","Win32OwnProcess","Manual",,
"SENS","System.ServiceProcess.ServiceController[]","False","False","True","Servi?o de Notifica??o de Eventos do Sistema","System.ServiceProcess.ServiceController[]",".","SENS","System.ServiceProcess.ServiceController[]","SafeServiceHandle","Running","Win32OwnProcess, Win32ShareProcess","Automatic",,
"Sense","System.ServiceProcess.ServiceController[]","False","False","False","Servi?o Prote??o Avan?ada contra Amea?as do Windows Defender","System.ServiceProcess.ServiceController[]",".","Sense","System.ServiceProcess.ServiceController[]",,"Stopped","Win32OwnProcess","Manual",,
"SensorDataService","System.ServiceProcess.ServiceController[]","False","False","False","Servi?o de Dados de Sensor","System.ServiceProcess.ServiceController[]",".","SensorDataService","System.ServiceProcess.ServiceController[]","SafeServiceHandle","Stopped","Win32OwnProcess","Manual",,
"SensorService","System.ServiceProcess.ServiceController[]","False","False","False","Servi?o de Sensor","System.ServiceProcess.ServiceController[]",".","SensorService","System.ServiceProcess.ServiceController[]","SafeServiceHandle","Stopped","Win32ShareProcess","Manual",,
"SensrSvc","System.ServiceProcess.ServiceController[]","False","False","False","Servi?o de Monitoramento de Sensor","System.ServiceProcess.ServiceController[]",".","SensrSvc","System.ServiceProcess.ServiceController[]","SafeServiceHandle","Stopped","Win32ShareProcess","Manual",,
"SessionEnv","System.ServiceProcess.ServiceController[]","False","False","True","Configura??o da ?rea de Trabalho Remota","System.ServiceProcess.ServiceController[]",".","SessionEnv","System.ServiceProcess.ServiceController[]","SafeServiceHandle","Running","Win32OwnProcess, Win32ShareProcess","Manual",,
"SgrmBroker","System.ServiceProcess.ServiceController[]","False","True","False","System Guard Runtime Monitor Broker","System.ServiceProcess.ServiceController[]",".","SgrmBroker","System.ServiceProcess.ServiceController[]","SafeServiceHandle","Running","Win32OwnProcess","Automatic",,
"SharedAccess","System.ServiceProcess.ServiceController[]","False","False","True","ICS (Compartilhamento de Conex?o com a Internet)","System.ServiceProcess.ServiceController[]",".","SharedAccess","System.ServiceProcess.ServiceController[]","SafeServiceHandle","Running","Win32OwnProcess, Win32ShareProcess","Manual",,
"SharedRealitySvc","System.ServiceProcess.ServiceController[]","False","False","False","Servi?o de Dados Espaciais","System.ServiceProcess.ServiceController[]",".","SharedRealitySvc","System.ServiceProcess.ServiceController[]","SafeServiceHandle","Stopped","Win32ShareProcess","Manual",,
"ShellHWDetection","System.ServiceProcess.ServiceController[]","False","False","True","Detec??o do hardware do shell","System.ServiceProcess.ServiceController[]",".","ShellHWDetection","System.ServiceProcess.ServiceController[]","SafeServiceHandle","Running","Win32OwnProcess, Win32ShareProcess","Automatic",,
"shpamsvc","System.ServiceProcess.ServiceController[]","False","False","False","Shared PC Account Manager","System.ServiceProcess.ServiceController[]",".","shpamsvc","System.ServiceProcess.ServiceController[]","SafeServiceHandle","Stopped","Win32ShareProcess","Disabled",,
"smphost","System.ServiceProcess.ServiceController[]","False","False","False","SMP de Espa?os de Armazenamento da Microsoft","System.ServiceProcess.ServiceController[]",".","smphost","System.ServiceProcess.ServiceController[]","SafeServiceHandle","Stopped","Win32OwnProcess","Manual",,
"SmsRouter","System.ServiceProcess.ServiceController[]","False","False","False","Servi?o de Roteador SMS do Microsoft Windows","System.ServiceProcess.ServiceController[]",".","SmsRouter","System.ServiceProcess.ServiceController[]",,"Stopped","Win32OwnProcess, Win32ShareProcess","Manual",,
"smstsmgr","System.ServiceProcess.ServiceController[]","False","False","False","Agente de Sequ?ncia de Tarefas do ConfigMgr","System.ServiceProcess.ServiceController[]",".","smstsmgr","System.ServiceProcess.ServiceController[]","SafeServiceHandle","Stopped","Win32OwnProcess","Manual",,
"SNMPTRAP","System.ServiceProcess.ServiceController[]","False","False","False","Intercepta??o SNMP","System.ServiceProcess.ServiceController[]",".","SNMPTRAP","System.ServiceProcess.ServiceController[]","SafeServiceHandle","Stopped","Win32OwnProcess","Manual",,
"spectrum","System.ServiceProcess.ServiceController[]","False","False","False","Servi?o de Percep??o do Windows","System.ServiceProcess.ServiceController[]",".","spectrum","System.ServiceProcess.ServiceController[]","SafeServiceHandle","Stopped","Win32OwnProcess","Manual",,
"Spooler","System.ServiceProcess.ServiceController[]","False","False","True","Spooler de Impress?o","System.ServiceProcess.ServiceController[]",".","Spooler","System.ServiceProcess.ServiceController[]","SafeServiceHandle","Running","Win32OwnProcess, InteractiveProcess","Automatic",,
"sppsvc","System.ServiceProcess.ServiceController[]","False","True","True","Prote??o de Software","System.ServiceProcess.ServiceController[]",".","sppsvc","System.ServiceProcess.ServiceController[]",,"Running","Win32OwnProcess","Automatic",,
"SQLWriter","System.ServiceProcess.ServiceController[]","False","True","True","SQL Server VSS Writer","System.ServiceProcess.ServiceController[]",".","SQLWriter","System.ServiceProcess.ServiceController[]","SafeServiceHandle","Running","Win32OwnProcess","Automatic",,
"SSBExternalActivator","System.ServiceProcess.ServiceController[]","False","False","False","Service Broker External Activator","System.ServiceProcess.ServiceController[]",".","SSBExternalActivator","System.ServiceProcess.ServiceController[]","SafeServiceHandle","Stopped","Win32OwnProcess","Manual",,
"SSDPSRV","System.ServiceProcess.ServiceController[]","False","True","True","Descoberta SSDP","System.ServiceProcess.ServiceController[]",".","SSDPSRV","System.ServiceProcess.ServiceController[]","SafeServiceHandle","Running","Win32OwnProcess, Win32ShareProcess","Manual",,
"ssh-agent","System.ServiceProcess.ServiceController[]","False","False","False","OpenSSH Authentication Agent","System.ServiceProcess.ServiceController[]",".","ssh-agent","System.ServiceProcess.ServiceController[]","SafeServiceHandle","Stopped","Win32OwnProcess","Disabled",,
"sshd","System.ServiceProcess.ServiceController[]","False","False","False","OpenSSH SSH Server","System.ServiceProcess.ServiceController[]",".","sshd","System.ServiceProcess.ServiceController[]","SafeServiceHandle","Stopped","Win32OwnProcess","Manual",,
"SshdBroker","System.ServiceProcess.ServiceController[]","False","False","False","SshdBroker","System.ServiceProcess.ServiceController[]",".","SshdBroker","System.ServiceProcess.ServiceController[]","SafeServiceHandle","Stopped","Win32ShareProcess","Manual",,
"SstpSvc","System.ServiceProcess.ServiceController[]","False","True","True","Servi?o SSTP","System.ServiceProcess.ServiceController[]",".","SstpSvc","System.ServiceProcess.ServiceController[]","SafeServiceHandle","Running","Win32OwnProcess, Win32ShareProcess","Manual",,
"StateRepository","System.ServiceProcess.ServiceController[]","False","True","True","Servi?o de Reposit?rio de Estado","System.ServiceProcess.ServiceController[]",".","StateRepository","System.ServiceProcess.ServiceController[]","SafeServiceHandle","Running","Win32OwnProcess, Win32ShareProcess","Manual",,
"stisvc","System.ServiceProcess.ServiceController[]","True","True","True","Assistente de aquisi??o de imagens do Windows (WIA)","System.ServiceProcess.ServiceController[]",".","stisvc","System.ServiceProcess.ServiceController[]","SafeServiceHandle","Running","Win32OwnProcess","Automatic",,
"StorSvc","System.ServiceProcess.ServiceController[]","False","False","True","Servi?o de Armazenamento","System.ServiceProcess.ServiceController[]",".","StorSvc","System.ServiceProcess.ServiceController[]","SafeServiceHandle","Running","Win32OwnProcess, Win32ShareProcess","Automatic",,
"svsvc","System.ServiceProcess.ServiceController[]","False","False","False","Verificador de Ponto","System.ServiceProcess.ServiceController[]",".","svsvc","System.ServiceProcess.ServiceController[]","SafeServiceHandle","Stopped","Win32ShareProcess","Manual",,
"swprv","System.ServiceProcess.ServiceController[]","False","False","False","Provedor de C?pia de Sombra de Software da Microsoft","System.ServiceProcess.ServiceController[]",".","swprv","System.ServiceProcess.ServiceController[]","SafeServiceHandle","Stopped","Win32OwnProcess","Manual",,
"SysMain","System.ServiceProcess.ServiceController[]","False","True","True","SysMain","System.ServiceProcess.ServiceController[]",".","SysMain","System.ServiceProcess.ServiceController[]","SafeServiceHandle","Running","Win32OwnProcess, Win32ShareProcess","Automatic",,
"SystemEventsBroker","System.ServiceProcess.ServiceController[]","False","False","True","Agente de Eventos do Sistema","System.ServiceProcess.ServiceController[]",".","SystemEventsBroker","System.ServiceProcess.ServiceController[]",,"Running","Win32ShareProcess","Automatic",,
"TabletInputService","System.ServiceProcess.ServiceController[]","False","False","False","Servi?o de Teclado Virtual e Painel de Manuscrito","System.ServiceProcess.ServiceController[]",".","TabletInputService","System.ServiceProcess.ServiceController[]","SafeServiceHandle","Running","Win32OwnProcess, Win32ShareProcess","Manual",,
"TapiSrv","System.ServiceProcess.ServiceController[]","False","False","False","Telefonia","System.ServiceProcess.ServiceController[]",".","TapiSrv","System.ServiceProcess.ServiceController[]","SafeServiceHandle","Stopped","Win32ShareProcess","Manual",,
"TermService","System.ServiceProcess.ServiceController[]","False","True","True","Servi?os de ?rea de Trabalho Remota","System.ServiceProcess.ServiceController[]",".","TermService","System.ServiceProcess.ServiceController[]","SafeServiceHandle","Running","Win32OwnProcess, Win32ShareProcess","Manual",,
"Themes","System.ServiceProcess.ServiceController[]","False","False","True","Temas","System.ServiceProcess.ServiceController[]",".","Themes","System.ServiceProcess.ServiceController[]","SafeServiceHandle","Running","Win32OwnProcess, Win32ShareProcess","Automatic",,
"TieringEngineService","System.ServiceProcess.ServiceController[]","False","False","False","Gerenciamento de Camadas de Armazenamento","System.ServiceProcess.ServiceController[]",".","TieringEngineService","System.ServiceProcess.ServiceController[]","SafeServiceHandle","Stopped","Win32OwnProcess","Manual",,
"TimeBrokerSvc","System.ServiceProcess.ServiceController[]","False","False","True","Agente de Tempo","System.ServiceProcess.ServiceController[]",".","TimeBrokerSvc","System.ServiceProcess.ServiceController[]",,"Running","Win32OwnProcess, Win32ShareProcess","Manual",,
"TMBMServer","System.ServiceProcess.ServiceController[]","False","True","False","Trend Micro Unauthorized Change Prevention Service","System.ServiceProcess.ServiceController[]",".","TMBMServer","System.ServiceProcess.ServiceController[]","SafeServiceHandle","Running","Win32OwnProcess","Manual",,
"tmccsf","System.ServiceProcess.ServiceController[]","False","True","False","Apex One Common Client Solution Framework","System.ServiceProcess.ServiceController[]",".","tmccsf","System.ServiceProcess.ServiceController[]","SafeServiceHandle","Running","Win32OwnProcess","Manual",,
"tmlisten","System.ServiceProcess.ServiceController[]","False","False","False","Apex One NT Listener","System.ServiceProcess.ServiceController[]",".","tmlisten","System.ServiceProcess.ServiceController[]","SafeServiceHandle","Running","Win32OwnProcess","Automatic",,
"TmPfw","System.ServiceProcess.ServiceController[]","False","True","False","Apex One NT Firewall","System.ServiceProcess.ServiceController[]",".","TmPfw","System.ServiceProcess.ServiceController[]","SafeServiceHandle","Running","Win32OwnProcess","Manual",,
"TMResponse","System.ServiceProcess.ServiceController[]","False","True","True","Trend Micro Response Service","System.ServiceProcess.ServiceController[]",".","TMResponse","System.ServiceProcess.ServiceController[]","SafeServiceHandle","Running","Win32OwnProcess","Automatic",,
"TmWSCSvc","System.ServiceProcess.ServiceController[]","False","True","False","Apex One NT WSC Service","System.ServiceProcess.ServiceController[]",".","TmWSCSvc","System.ServiceProcess.ServiceController[]","SafeServiceHandle","Running","Win32OwnProcess","Manual",,
"TokenBroker","System.ServiceProcess.ServiceController[]","False","False","True","Gerenciador de Conta da Web","System.ServiceProcess.ServiceController[]",".","TokenBroker","System.ServiceProcess.ServiceController[]","SafeServiceHandle","Running","Win32OwnProcess, Win32ShareProcess","Manual",,
"TRCTARGET","System.ServiceProcess.ServiceController[]","False","True","True","IBM BigFix Remote Control - Target","System.ServiceProcess.ServiceController[]",".","TRCTARGET","System.ServiceProcess.ServiceController[]","SafeServiceHandle","Running","Win32OwnProcess","Automatic",,
"Trend Micro Endpoint Basecamp","System.ServiceProcess.ServiceController[]","False","True","False","Trend Micro Endpoint Basecamp","System.ServiceProcess.ServiceController[]",".","Trend Micro Endpoint Basecamp","System.ServiceProcess.ServiceController[]","SafeServiceHandle","Running","Win32OwnProcess","Automatic",,
"Trend Micro Web Service Communicator","System.ServiceProcess.ServiceController[]","False","True","False","Trend Micro Web Service Communicator","System.ServiceProcess.ServiceController[]",".","Trend Micro Web Service Communicator","System.ServiceProcess.ServiceController[]","SafeServiceHandle","Running","Win32OwnProcess","Automatic",,
"TrkWks","System.ServiceProcess.ServiceController[]","False","True","True","Cliente de rastreamento de link distribu?do","System.ServiceProcess.ServiceController[]",".","TrkWks","System.ServiceProcess.ServiceController[]","SafeServiceHandle","Running","Win32OwnProcess, Win32ShareProcess","Automatic",,
"TroubleshootingSvc","System.ServiceProcess.ServiceController[]","False","False","False","Servi?o de solu??o de problemas recomendado","System.ServiceProcess.ServiceController[]",".","TroubleshootingSvc","System.ServiceProcess.ServiceController[]","SafeServiceHandle","Stopped","Win32ShareProcess","Manual",,
"TrustedInstaller","System.ServiceProcess.ServiceController[]","False","False","False","Instalador de M?dulos do Windows","System.ServiceProcess.ServiceController[]",".","TrustedInstaller","System.ServiceProcess.ServiceController[]",,"Stopped","Win32OwnProcess","Manual",,
"tzautoupdate","System.ServiceProcess.ServiceController[]","False","False","False","Atualizador de Fuso Hor?rio Autom?tico","System.ServiceProcess.ServiceController[]",".","tzautoupdate","System.ServiceProcess.ServiceController[]","SafeServiceHandle","Stopped","Win32ShareProcess","Disabled",,
"UdkUserSvc_1b43a1","System.ServiceProcess.ServiceController[]","False","False","False","Servi?o de usu?rio UDK_1b43a1","System.ServiceProcess.ServiceController[]",".","UdkUserSvc_1b43a1","System.ServiceProcess.ServiceController[]","SafeServiceHandle","Stopped","224","Manual",,
"UevAgentService","System.ServiceProcess.ServiceController[]","False","False","False","Servi?o de User Experience Virtualization","System.ServiceProcess.ServiceController[]",".","UevAgentService","System.ServiceProcess.ServiceController[]","SafeServiceHandle","Stopped","Win32OwnProcess","Disabled",,
"UIFlowAgentLauncherService","System.ServiceProcess.ServiceController[]","False","True","True","Power Automate agent launcher service","System.ServiceProcess.ServiceController[]",".","UIFlowAgentLauncherService","System.ServiceProcess.ServiceController[]","SafeServiceHandle","Running","Win32OwnProcess","Automatic",,
"UIFlowLogShipper","System.ServiceProcess.ServiceController[]","False","True","True","Power Automate log shipper service","System.ServiceProcess.ServiceController[]",".","UIFlowLogShipper","System.ServiceProcess.ServiceController[]","SafeServiceHandle","Running","Win32OwnProcess","Automatic",,
"UIFlowService","System.ServiceProcess.ServiceController[]","False","True","True","Power Automate service","System.ServiceProcess.ServiceController[]",".","UIFlowService","System.ServiceProcess.ServiceController[]","SafeServiceHandle","Running","Win32OwnProcess","Automatic",,
"UIFlowUpdateService","System.ServiceProcess.ServiceController[]","False","True","True","Power Automate update service","System.ServiceProcess.ServiceController[]",".","UIFlowUpdateService","System.ServiceProcess.ServiceController[]","SafeServiceHandle","Running","Win32OwnProcess","Automatic",,
"UmRdpService","System.ServiceProcess.ServiceController[]","False","True","True","Redirecionador de Portas do Modo do Usu?rio dos Servi?os de ?rea de Trabalho","System.ServiceProcess.ServiceController[]",".","UmRdpService","System.ServiceProcess.ServiceController[]","SafeServiceHandle","Running","Win32OwnProcess, Win32ShareProcess","Manual",,
"UnistoreSvc_1b43a1","System.ServiceProcess.ServiceController[]","False","False","True","Armazenamento de Dados de Usu?rio_1b43a1","System.ServiceProcess.ServiceController[]",".","UnistoreSvc_1b43a1","System.ServiceProcess.ServiceController[]","SafeServiceHandle","Running","224","Manual",,
"upnphost","System.ServiceProcess.ServiceController[]","False","False","False","Host de dispositivo UPnP","System.ServiceProcess.ServiceController[]",".","upnphost","System.ServiceProcess.ServiceController[]","SafeServiceHandle","Stopped","Win32ShareProcess","Manual",,
"UserDataSvc_1b43a1","System.ServiceProcess.ServiceController[]","False","False","True","Acesso a Dados de Usu?rio_1b43a1","System.ServiceProcess.ServiceController[]",".","UserDataSvc_1b43a1","System.ServiceProcess.ServiceController[]","SafeServiceHandle","Running","224","Manual",,
"UserManager","System.ServiceProcess.ServiceController[]","False","False","True","Gerenciador de Usu?rios","System.ServiceProcess.ServiceController[]",".","UserManager","System.ServiceProcess.ServiceController[]","SafeServiceHandle","Running","Win32OwnProcess, Win32ShareProcess","Automatic",,
"UsoSvc","System.ServiceProcess.ServiceController[]","False","True","True","Atualizar o Servi?o Orchestrator","System.ServiceProcess.ServiceController[]",".","UsoSvc","System.ServiceProcess.ServiceController[]","SafeServiceHandle","Running","Win32OwnProcess, Win32ShareProcess","Automatic",,
"VacSvc","System.ServiceProcess.ServiceController[]","False","False","False","Servi?o Compositor de ?udio Volum?trico","System.ServiceProcess.ServiceController[]",".","VacSvc","System.ServiceProcess.ServiceController[]","SafeServiceHandle","Stopped","Win32OwnProcess","Manual",,
"VaultSvc","System.ServiceProcess.ServiceController[]","False","True","True","Gerenciador de Credenciais","System.ServiceProcess.ServiceController[]",".","VaultSvc","System.ServiceProcess.ServiceController[]","SafeServiceHandle","Running","Win32ShareProcess","Manual",,
"VBoxSDS","System.ServiceProcess.ServiceController[]","False","False","False","VirtualBox system service","System.ServiceProcess.ServiceController[]",".","VBoxSDS","System.ServiceProcess.ServiceController[]","SafeServiceHandle","Stopped","Win32OwnProcess","Manual",,
"vds","System.ServiceProcess.ServiceController[]","False","False","False","Disco Virtual","System.ServiceProcess.ServiceController[]",".","vds","System.ServiceProcess.ServiceController[]","SafeServiceHandle","Stopped","Win32OwnProcess","Manual",,
"vmcompute","System.ServiceProcess.ServiceController[]","False","False","True","Servi?o de Computa??o de Host do Hyper-V","System.ServiceProcess.ServiceController[]",".","vmcompute","System.ServiceProcess.ServiceController[]","SafeServiceHandle","Running","Win32OwnProcess","Manual",,
"vmicguestinterface","System.ServiceProcess.ServiceController[]","False","False","False","Interface de Servi?o de Convidado do Hyper-V","System.ServiceProcess.ServiceController[]",".","vmicguestinterface","System.ServiceProcess.ServiceController[]","SafeServiceHandle","Stopped","Win32ShareProcess","Manual",,
"vmicheartbeat","System.ServiceProcess.ServiceController[]","False","False","False","Servi?o de Pulsa??o do Hyper-V","System.ServiceProcess.ServiceController[]",".","vmicheartbeat","System.ServiceProcess.ServiceController[]","SafeServiceHandle","Stopped","Win32ShareProcess","Manual",,
"vmickvpexchange","System.ServiceProcess.ServiceController[]","False","False","False","Servi?o de Troca de Dados do Hyper-V","System.ServiceProcess.ServiceController[]",".","vmickvpexchange","System.ServiceProcess.ServiceController[]","SafeServiceHandle","Stopped","Win32ShareProcess","Manual",,
"vmicrdv","System.ServiceProcess.ServiceController[]","False","False","False","Servi?o de Virtualiza??o de ?rea de Trabalho Remota do Hyper-V","System.ServiceProcess.ServiceController[]",".","vmicrdv","System.ServiceProcess.ServiceController[]","SafeServiceHandle","Stopped","Win32ShareProcess","Manual",,
"vmicshutdown","System.ServiceProcess.ServiceController[]","False","False","False","Servi?o de Desligamento de Convidado do Hyper-V","System.ServiceProcess.ServiceController[]",".","vmicshutdown","System.ServiceProcess.ServiceController[]","SafeServiceHandle","Stopped","Win32ShareProcess","Manual",,
"vmictimesync","System.ServiceProcess.ServiceController[]","False","False","False","Servi?o de Sincroniza??o de Data/Hora do Hyper-V","System.ServiceProcess.ServiceController[]",".","vmictimesync","System.ServiceProcess.ServiceController[]","SafeServiceHandle","Stopped","Win32ShareProcess","Manual",,
"vmicvmsession","System.ServiceProcess.ServiceController[]","False","False","False","Servi?o Direto do Hyper-V PowerShell","System.ServiceProcess.ServiceController[]",".","vmicvmsession","System.ServiceProcess.ServiceController[]","SafeServiceHandle","Stopped","Win32ShareProcess","Manual",,
"vmicvss","System.ServiceProcess.ServiceController[]","False","False","False","Solicitante de C?pia de Sombra de Volume do Hyper-V","System.ServiceProcess.ServiceController[]",".","vmicvss","System.ServiceProcess.ServiceController[]","SafeServiceHandle","Stopped","Win32ShareProcess","Manual",,
"vmms","System.ServiceProcess.ServiceController[]","False","False","True","Gerenciamento da M?quina Virtual do Hyper-V","System.ServiceProcess.ServiceController[]",".","vmms","System.ServiceProcess.ServiceController[]","SafeServiceHandle","Running","Win32OwnProcess","Automatic",,
"vpnagent","System.ServiceProcess.ServiceController[]","True","True","True","Cisco AnyConnect Secure Mobility Agent","System.ServiceProcess.ServiceController[]",".","vpnagent","System.ServiceProcess.ServiceController[]","SafeServiceHandle","Running","Win32OwnProcess","Automatic",,
"VSS","System.ServiceProcess.ServiceController[]","False","False","False","C?pia de Sombra de Volume","System.ServiceProcess.ServiceController[]",".","VSS","System.ServiceProcess.ServiceController[]","SafeServiceHandle","Stopped","Win32OwnProcess","Manual",,
"VSStandardCollectorService150","System.ServiceProcess.ServiceController[]","False","False","False","Visual Studio Standard Collector Service 150","System.ServiceProcess.ServiceController[]",".","VSStandardCollectorService150","System.ServiceProcess.ServiceController[]","SafeServiceHandle","Stopped","Win32OwnProcess","Manual",,
"W32Time","System.ServiceProcess.ServiceController[]","False","True","True","Hor?rio do Windows","System.ServiceProcess.ServiceController[]",".","W32Time","System.ServiceProcess.ServiceController[]","SafeServiceHandle","Running","Win32OwnProcess, Win32ShareProcess","Manual",,
"WaaSMedicSvc","System.ServiceProcess.ServiceController[]","False","False","False","Servi?o Medic do Windows Update","System.ServiceProcess.ServiceController[]",".","WaaSMedicSvc","System.ServiceProcess.ServiceController[]","SafeServiceHandle","Stopped","Win32OwnProcess, Win32ShareProcess","Manual",,
"WalletService","System.ServiceProcess.ServiceController[]","False","False","False","WalletService","System.ServiceProcess.ServiceController[]",".","WalletService","System.ServiceProcess.ServiceController[]","SafeServiceHandle","Stopped","Win32ShareProcess","Manual",,
"WarpJITSvc","System.ServiceProcess.ServiceController[]","False","False","False","WarpJITSvc","System.ServiceProcess.ServiceController[]",".","WarpJITSvc","System.ServiceProcess.ServiceController[]","SafeServiceHandle","Stopped","Win32OwnProcess","Manual",,
"WavesSysSvc","System.ServiceProcess.ServiceController[]","True","True","True","Waves Audio Services","System.ServiceProcess.ServiceController[]",".","WavesSysSvc","System.ServiceProcess.ServiceController[]","SafeServiceHandle","Running","Win32OwnProcess","Automatic",,
"wbengine","System.ServiceProcess.ServiceController[]","False","False","False","Servi?o de Mecanismo de Backup em N?vel de Bloco","System.ServiceProcess.ServiceController[]",".","wbengine","System.ServiceProcess.ServiceController[]","SafeServiceHandle","Stopped","Win32OwnProcess","Manual",,
"WbioSrvc","System.ServiceProcess.ServiceController[]","False","False","True","Servi?o de Biometria do Windows","System.ServiceProcess.ServiceController[]",".","WbioSrvc","System.ServiceProcess.ServiceController[]","SafeServiceHandle","Running","Win32OwnProcess, Win32ShareProcess","Manual",,
"Wcmsvc","System.ServiceProcess.ServiceController[]","False","True","True","Gerenciador de Conex?es do Windows","System.ServiceProcess.ServiceController[]",".","Wcmsvc","System.ServiceProcess.ServiceController[]","SafeServiceHandle","Running","Win32OwnProcess","Automatic",,
"wcncsvc","System.ServiceProcess.ServiceController[]","False","True","True","Conex?o F?cil do Windows - Registrador de Configura??o","System.ServiceProcess.ServiceController[]",".","wcncsvc","System.ServiceProcess.ServiceController[]","SafeServiceHandle","Running","Win32OwnProcess, Win32ShareProcess","Manual",,
"WdiServiceHost","System.ServiceProcess.ServiceController[]","False","True","True","Host do Servi?o de Diagn?stico","System.ServiceProcess.ServiceController[]",".","WdiServiceHost","System.ServiceProcess.ServiceController[]",,"Running","Win32OwnProcess, Win32ShareProcess","Manual",,
"WdiSystemHost","System.ServiceProcess.ServiceController[]","False","True","True","Host do Sistema de Diagn?sticos","System.ServiceProcess.ServiceController[]",".","WdiSystemHost","System.ServiceProcess.ServiceController[]",,"Running","Win32OwnProcess, Win32ShareProcess","Manual",,
"WdNisSvc","System.ServiceProcess.ServiceController[]","False","False","False","Servi?o de Inspe??o de Rede do Microsoft Defender Antiv?rus","System.ServiceProcess.ServiceController[]",".","WdNisSvc","System.ServiceProcess.ServiceController[]",,"Stopped","Win32OwnProcess","Manual",,
"WebClient","System.ServiceProcess.ServiceController[]","False","False","False","Cliente da Web","System.ServiceProcess.ServiceController[]",".","WebClient","System.ServiceProcess.ServiceController[]","SafeServiceHandle","Stopped","Win32ShareProcess","Disabled",,
"WebexService","System.ServiceProcess.ServiceController[]","False","False","False","Cisco WebEx Update Service","System.ServiceProcess.ServiceController[]",".","WebexService","System.ServiceProcess.ServiceController[]","SafeServiceHandle","Stopped","Win32OwnProcess","Manual",,
"WebManagement","System.ServiceProcess.ServiceController[]","False","False","False","Web Management","System.ServiceProcess.ServiceController[]",".","WebManagement","System.ServiceProcess.ServiceController[]","SafeServiceHandle","Stopped","Win32OwnProcess","Disabled",,
"Wecsvc","System.ServiceProcess.ServiceController[]","False","False","False","Coletor de Eventos do Windows","System.ServiceProcess.ServiceController[]",".","Wecsvc","System.ServiceProcess.ServiceController[]","SafeServiceHandle","Stopped","Win32ShareProcess","Manual",,
"WEPHOSTSVC","System.ServiceProcess.ServiceController[]","False","False","False","Servi?o de Host do Provedor de Criptografia do Windows","System.ServiceProcess.ServiceController[]",".","WEPHOSTSVC","System.ServiceProcess.ServiceController[]","SafeServiceHandle","Stopped","Win32ShareProcess","Manual",,
"wercplsupport","System.ServiceProcess.ServiceController[]","False","False","False","Suporte do Painel de Controle Relat?rios de problemas","System.ServiceProcess.ServiceController[]",".","wercplsupport","System.ServiceProcess.ServiceController[]","SafeServiceHandle","Stopped","Win32ShareProcess","Manual",,
"WerSvc","System.ServiceProcess.ServiceController[]","False","False","False","Servi?o de Relat?rios de Erro do Windows","System.ServiceProcess.ServiceController[]",".","WerSvc","System.ServiceProcess.ServiceController[]","SafeServiceHandle","Stopped","Win32OwnProcess","Manual",,
"WFDSConMgrSvc","System.ServiceProcess.ServiceController[]","False","False","False","Servi?o do Gerenciador de Conex?es de Servi?os do Wi-Fi Direct","System.ServiceProcess.ServiceController[]",".","WFDSConMgrSvc","System.ServiceProcess.ServiceController[]","SafeServiceHandle","Stopped","Win32ShareProcess","Manual",,
"WiaRpc","System.ServiceProcess.ServiceController[]","False","False","False","Eventos de Aquisi??o de Imagens Est?ticas","System.ServiceProcess.ServiceController[]",".","WiaRpc","System.ServiceProcess.ServiceController[]","SafeServiceHandle","Stopped","Win32ShareProcess","Manual",,
"WinDefend","System.ServiceProcess.ServiceController[]","False","False","False","Servi?o Microsoft Defender Antiv?rus","System.ServiceProcess.ServiceController[]",".","WinDefend","System.ServiceProcess.ServiceController[]",,"Stopped","Win32OwnProcess","Manual",,
"WinHttpAutoProxySvc","System.ServiceProcess.ServiceController[]","False","True","False","Servi?o de Descoberta Autom?tica de Proxy da Web do WinHTTP","System.ServiceProcess.ServiceController[]",".","WinHttpAutoProxySvc","System.ServiceProcess.ServiceController[]",,"Running","Win32OwnProcess, Win32ShareProcess","Manual",,
"Winmgmt","System.ServiceProcess.ServiceController[]","True","True","True","Testador de instrumenta??o de gerenciam. do Windows","System.ServiceProcess.ServiceController[]",".","Winmgmt","System.ServiceProcess.ServiceController[]","SafeServiceHandle","Running","Win32OwnProcess, Win32ShareProcess","Automatic",,
"WinRM","System.ServiceProcess.ServiceController[]","False","True","True","Windows Remote Management (WS-Management)","System.ServiceProcess.ServiceController[]",".","WinRM","System.ServiceProcess.ServiceController[]","SafeServiceHandle","Running","Win32OwnProcess, Win32ShareProcess","Automatic",,
"wisvc","System.ServiceProcess.ServiceController[]","False","False","False","Servi?o do Windows Insider","System.ServiceProcess.ServiceController[]",".","wisvc","System.ServiceProcess.ServiceController[]","SafeServiceHandle","Stopped","Win32OwnProcess, Win32ShareProcess","Manual",,
"WlanSvc","System.ServiceProcess.ServiceController[]","False","False","False","Configura??o Autom?tica de WLAN","System.ServiceProcess.ServiceController[]",".","WlanSvc","System.ServiceProcess.ServiceController[]","SafeServiceHandle","Stopped","Win32OwnProcess","Manual",,
"wlidsvc","System.ServiceProcess.ServiceController[]","False","False","False","Assistente de Conex?o de Conta da Microsoft","System.ServiceProcess.ServiceController[]",".","wlidsvc","System.ServiceProcess.ServiceController[]","SafeServiceHandle","Stopped","Win32OwnProcess, Win32ShareProcess","Manual",,
"wlpasvc","System.ServiceProcess.ServiceController[]","False","False","False","Servi?o Assistente de Perfil Local","System.ServiceProcess.ServiceController[]",".","wlpasvc","System.ServiceProcess.ServiceController[]","SafeServiceHandle","Stopped","Win32ShareProcess","Manual",,
"WManSvc","System.ServiceProcess.ServiceController[]","False","False","False","Servi?o de gerenciamento do Windows","System.ServiceProcess.ServiceController[]",".","WManSvc","System.ServiceProcess.ServiceController[]","SafeServiceHandle","Stopped","Win32ShareProcess","Manual",,
"wmiApSrv","System.ServiceProcess.ServiceController[]","False","False","False","Adaptador de Desempenho WMI","System.ServiceProcess.ServiceController[]",".","wmiApSrv","System.ServiceProcess.ServiceController[]","SafeServiceHandle","Stopped","Win32OwnProcess","Manual",,
"WMPNetworkSvc","System.ServiceProcess.ServiceController[]","False","False","False","Servi?o de Compartilhamento de Rede do Windows Media Player","System.ServiceProcess.ServiceController[]",".","WMPNetworkSvc","System.ServiceProcess.ServiceController[]","SafeServiceHandle","Stopped","Win32OwnProcess","Manual",,
"workfolderssvc","System.ServiceProcess.ServiceController[]","False","False","False","Pastas de Trabalho","System.ServiceProcess.ServiceController[]",".","workfolderssvc","System.ServiceProcess.ServiceController[]","SafeServiceHandle","Stopped","Win32ShareProcess","Manual",,
"WpcMonSvc","System.ServiceProcess.ServiceController[]","False","False","False","Controles dos Pais","System.ServiceProcess.ServiceController[]",".","WpcMonSvc","System.ServiceProcess.ServiceController[]","SafeServiceHandle","Stopped","Win32OwnProcess","Manual",,
"WPDBusEnum","System.ServiceProcess.ServiceController[]","False","False","False","Servi?o Enumerador de Dispositivos Port?teis","System.ServiceProcess.ServiceController[]",".","WPDBusEnum","System.ServiceProcess.ServiceController[]","SafeServiceHandle","Stopped","Win32OwnProcess, Win32ShareProcess","Manual",,
"WpnService","System.ServiceProcess.ServiceController[]","False","False","True","Servi?o do Sistema de Notifica??es por Push do Windows","System.ServiceProcess.ServiceController[]",".","WpnService","System.ServiceProcess.ServiceController[]","SafeServiceHandle","Running","Win32OwnProcess, Win32ShareProcess","Automatic",,
"WpnUserService_1b43a1","System.ServiceProcess.ServiceController[]","False","False","True","Servi?o de Usu?rio de Notifica??es por Push do Windows_1b43a1","System.ServiceProcess.ServiceController[]",".","WpnUserService_1b43a1","System.ServiceProcess.ServiceController[]","SafeServiceHandle","Running","240","Automatic",,
"wscsvc","System.ServiceProcess.ServiceController[]","False","True","True","Central de Seguran?a","System.ServiceProcess.ServiceController[]",".","wscsvc","System.ServiceProcess.ServiceController[]",,"Running","Win32OwnProcess, Win32ShareProcess","Automatic",,
"WSearch","System.ServiceProcess.ServiceController[]","False","True","True","Windows Search","System.ServiceProcess.ServiceController[]",".","WSearch","System.ServiceProcess.ServiceController[]","SafeServiceHandle","Running","Win32OwnProcess","Automatic",,
"WslService","System.ServiceProcess.ServiceController[]","False","False","True","ms-resource:AppName","System.ServiceProcess.ServiceController[]",".","WslService","System.ServiceProcess.ServiceController[]",,"Running","528","Automatic",,
"wuauserv","System.ServiceProcess.ServiceController[]","False","False","False","Windows Update","System.ServiceProcess.ServiceController[]",".","wuauserv","System.ServiceProcess.ServiceController[]","SafeServiceHandle","Stopped","Win32OwnProcess, Win32ShareProcess","Manual",,
"WwanSvc","System.ServiceProcess.ServiceController[]","False","False","False","Configura??o Autom?tica de WWAN","System.ServiceProcess.ServiceController[]",".","WwanSvc","System.ServiceProcess.ServiceController[]","SafeServiceHandle","Stopped","Win32ShareProcess","Manual",,
"XblAuthManager","System.ServiceProcess.ServiceController[]","False","False","False","Gerenciador de Autentica??o Xbox Live","System.ServiceProcess.ServiceController[]",".","XblAuthManager","System.ServiceProcess.ServiceController[]","SafeServiceHandle","Stopped","Win32OwnProcess, Win32ShareProcess","Manual",,
"XblGameSave","System.ServiceProcess.ServiceController[]","False","False","False","Salvar Jogos no Xbox Live","System.ServiceProcess.ServiceController[]",".","XblGameSave","System.ServiceProcess.ServiceController[]","SafeServiceHandle","Stopped","Win32ShareProcess","Manual",,
"XboxGipSvc","System.ServiceProcess.ServiceController[]","False","False","False","Xbox Accessory Management Service","System.ServiceProcess.ServiceController[]",".","XboxGipSvc","System.ServiceProcess.ServiceController[]","SafeServiceHandle","Stopped","Win32ShareProcess","Manual",,
"XboxNetApiSvc","System.ServiceProcess.ServiceController[]","False","False","False","Servi?o de Rede Xbox Live","System.ServiceProcess.ServiceController[]",".","XboxNetApiSvc","System.ServiceProcess.ServiceController[]","SafeServiceHandle","Stopped","Win32ShareProcess","Manual",,
