"Name","DisplayName","State","StartMode","PathName"
"ntrtscan","Apex One NT RealTime Scan","Running","Auto","""C:\Program Files (x86)\Trend Micro\OfficeScan Client\ntrtscan.exe"""
"nsi","Servi?o de Interface de Reposit?rio de Rede","Running","Auto","C:\WINDOWS\system32\svchost.exe -k LocalService -p"
"NlaSvc","Reconhecimento de Locais de Rede","Running","Auto","C:\WINDOWS\System32\svchost.exe -k NetworkService -p"
"NVWMI","NVIDIA WMI Provider","Running","Auto","""C:\WINDOWS\system32\nvwmi64.exe"""
"NVDisplay.ContainerLocalSystem","NVIDIA Display Container LS","Running","Auto","""C:\Program Files\NVIDIA Corporation\Display.NvContainer\NVDisplay.Container.exe"" -s NVDisplay.ContainerLocalSystem -f ""C:\ProgramData\NVIDIA\NVDisplay.ContainerLocalSystem.log"" -l 3 -d ""C:\Program Files\NVIDIA Corporation\Display.NvContainer\plugins\LocalSystem"" -r -p 30000 "
"nvagent","Servi?o de Virtualiza??o de Rede","Running","Manual","C:\WINDOWS\system32\svchost.exe -k NetSvcs"
"Netlogon","Logon de rede","Running","Auto","C:\WINDOWS\system32\lsass.exe"
"vpnagent","Cisco AnyConnect Secure Mobility Agent","Running","Auto","""C:\Program Files (x86)\Cisco\Cisco AnyConnect Secure Mobility Client\vpnagent.exe"""
"NcbService","Agente de Conex?o de Rede","Running","Manual","C:\WINDOWS\System32\svchost.exe -k LocalSystemNetworkRestricted -p"
"vmms","Gerenciamento da M?quina Virtual do Hyper-V","Running","Auto","C:\WINDOWS\system32\vmms.exe"
"netprofm","Servi?o da Lista de Redes","Running","Manual","C:\WINDOWS\System32\svchost.exe -k LocalService -p"
"Netman","Conex?es de Rede","Running","Manual","C:\WINDOWS\System32\svchost.exe -k LocalSystemNetworkRestricted -p"
"PlugPlay","Plug and Play","Running","Manual","C:\WINDOWS\system32\svchost.exe -k DcomLaunch -p"
"VaultSvc","Gerenciador de Credenciais","Running","Manual","C:\WINDOWS\system32\lsass.exe"
"pinetmgr","PI Network Manager","Running","Auto","""C:\Program Files\PIPC\bin\pinetmgr.exe"""
"Power","Desligar","Running","Auto","C:\WINDOWS\system32\svchost.exe -k DcomLaunch -p"
"PolicyAgent","Agente de Pol?tica IPsec","Running","Manual","C:\WINDOWS\system32\svchost.exe -k NetworkServiceNetworkRestricted -p"
"UsoSvc","Atualizar o Servi?o Orchestrator","Running","Auto","C:\WINDOWS\system32\svchost.exe -k netsvcs -p"
"PhoneSvc","Servi?o de Telefonia","Running","Manual","C:\WINDOWS\system32\svchost.exe -k LocalService -p"
"vmcompute","Servi?o de Computa??o de Host do Hyper-V","Running","Manual","C:\WINDOWS\system32\vmcompute.exe"
"PcaSvc","Servi?o Auxiliar de Compatibilidade de Programas","Running","Manual","C:\WINDOWS\system32\svchost.exe -k LocalSystemNetworkRestricted -p"
"pimsgss","PI Message Subsystem","Running","Auto","""C:\Program Files\PIPC\bin\pimsgss.exe"""
"pilogsrvX64","PIPC Log Server x64","Running","Auto","""C:\Program Files\PIPC\bin\pilogsrv.exe"""
"pilogsrv","PIPC Log Server","Running","Auto","""C:\Program Files (x86)\PIPC\bin\pilogsrv.exe"""
"Multi-user Cleanup Service","Multi-user Cleanup Service","Running","Auto","C:\Notes9\ntmulti.exe"
"lfsvc","Servi?o de Geolocaliza??o","Running","Manual","C:\WINDOWS\system32\svchost.exe -k netsvcs -p"
"LanmanWorkstation","Esta??o de trabalho","Running","Auto","C:\WINDOWS\System32\svchost.exe -k NetworkService -p"
"LanmanServer","Server","Running","Auto","C:\WINDOWS\system32\svchost.exe -k netsvcs -p"
"LMS","Intel(R) Management and Security Application Local Management Service","Running","Auto","C:\WINDOWS\System32\DriverStore\FileRepository\lms.inf_amd64_f629911085770af0\LMS.exe"
"lmhosts","Auxiliar NetBIOS TCP/IP","Running","Manual","C:\WINDOWS\System32\svchost.exe -k LocalServiceNetworkRestricted -p"
"LicenseManager","Servi?o de Gerenciador de Licen?a do Windows","Running","Manual","C:\WINDOWS\System32\svchost.exe -k LocalService -p"
"iphlpsvc","Auxiliar de IP","Running","Auto","C:\WINDOWS\System32\svchost.exe -k NetSvcs -p"
"InstallService","Servi?o de Instala??o da Microsoft Store","Running","Manual","C:\WINDOWS\System32\svchost.exe -k netsvcs -p"
"IKEEXT","M?dulos de Cria??o de Chaves IKE e AuthIP do IPSec","Running","Auto","C:\WINDOWS\system32\svchost.exe -k netsvcs -p"
"KeyIso","Isolamento de Chave CNG","Running","Manual","C:\WINDOWS\system32\lsass.exe"
"jhi_service","Intel(R) Dynamic Application Loader Host Interface Service","Running","Auto","C:\WINDOWS\System32\DriverStore\FileRepository\dal.inf_amd64_ffc75848a6342fdf\jhi_service.exe"
"iVPAgent","Trend Micro Vulnerability Protection Service (Agent)","Running","Manual","""C:\Program Files (x86)\Trend Micro\iService\iVP\iVPAgent.exe"" -service"
"WavesSysSvc","Waves Audio Services","Running","Auto","C:\WINDOWS\System32\DriverStore\FileRepository\wavesapo75de.inf_amd64_444d52e511fbcc11\WavesSysSvc64.exe"
"WbioSrvc","Servi?o de Biometria do Windows","Running","Manual","C:\WINDOWS\system32\svchost.exe -k WbioSvcGroup"
"Wcmsvc","Gerenciador de Conex?es do Windows","Running","Auto","C:\WINDOWS\system32\svchost.exe -k LocalServiceNetworkRestricted -p"
"W32Time","Hor?rio do Windows","Running","Manual","C:\WINDOWS\system32\svchost.exe -k LocalService"
"MSDTC","Coordenador de transa??es distribu?das","Running","Manual","C:\WINDOWS\System32\msdtc.exe"
"mpssvc","Windows Defender Firewall","Running","Auto","C:\WINDOWS\system32\svchost.exe -k LocalServiceNoNetworkFirewall -p"
"LSM","Gerenciador de Sess?o Local","Running","Auto","C:\WINDOWS\system32\svchost.exe -k DcomLaunch -p"
"lppsvc","Microsoft Policy Platform Processor","Running","Manual","""C:\Program Files\Microsoft Policy Platform\policyHost.exe"" /service"
"lpasvc","Microsoft Policy Platform Local Authority","Running","Manual","""C:\Program Files\Microsoft Policy Platform\policyHost.exe"" /service"
"wcncsvc","Conex?o F?cil do Windows - Registrador de Configura??o","Running","Manual","C:\WINDOWS\System32\svchost.exe -k LocalServiceAndNoImpersonation -p"
"WdiServiceHost","Host do Servi?o de Diagn?stico","Running","Manual","C:\WINDOWS\System32\svchost.exe -k LocalService -p"
"WdiSystemHost","Host do Sistema de Diagn?sticos","Running","Manual","C:\WINDOWS\System32\svchost.exe -k LocalSystemNetworkRestricted -p"
"tmccsf","Apex One Common Client Solution Framework","Running","Manual","""C:\Program Files (x86)\Trend Micro\OfficeScan Client\CCSF\tmccsf.exe"""
"tmlisten","Apex One NT Listener","Running","Auto","""C:\Program Files (x86)\Trend Micro\OfficeScan Client\tmlisten.exe"""
"TmPfw","Apex One NT Firewall","Running","Manual","""C:\Program Files (x86)\Trend Micro\OfficeScan Client\TmPfw.exe"""
"Spooler","Spooler de Impress?o","Running","Auto","C:\WINDOWS\System32\spoolsv.exe"
"TimeBrokerSvc","Agente de Tempo","Running","Manual","C:\WINDOWS\system32\svchost.exe -k LocalServiceNetworkRestricted -p"
"TMBMServer","Trend Micro Unauthorized Change Prevention Service","Running","Manual","""C:\Program Files (x86)\Trend Micro\BM\TMBMSRV.exe"" /service"
"SharedAccess","ICS (Compartilhamento de Conex?o com a Internet)","Running","Manual","C:\WINDOWS\System32\svchost.exe -k netsvcs -p"
"SgrmBroker","System Guard Runtime Monitor Broker","Running","Auto","C:\WINDOWS\system32\SgrmBroker.exe"
"SessionEnv","Configura??o da ?rea de Trabalho Remota","Running","Manual","C:\WINDOWS\System32\svchost.exe -k netsvcs -p"
"TMResponse","Trend Micro Response Service","Running","Auto","""C:\Program Files (x86)\Trend Micro\EndpointResponse\ResponseService.exe"" -s"
"ShellHWDetection","Detec??o do hardware do shell","Running","Auto","C:\WINDOWS\System32\svchost.exe -k netsvcs -p"
"TmWSCSvc","Apex One NT WSC Service","Running","Manual","""C:\Program Files (x86)\Trend Micro\OfficeScan Client\TmWSCSvc.exe"""
"StorSvc","Servi?o de Armazenamento","Running","Auto","C:\WINDOWS\System32\svchost.exe -k LocalSystemNetworkRestricted -p"
"stisvc","Assistente de aquisi??o de imagens do Windows (WIA)","Running","Auto","C:\WINDOWS\system32\svchost.exe -k imgsvc"
"StateRepository","Servi?o de Reposit?rio de Estado","Running","Manual","C:\WINDOWS\system32\svchost.exe -k appmodel -p"
"SysMain","SysMain","Running","Auto","C:\WINDOWS\system32\svchost.exe -k LocalSystemNetworkRestricted -p"
"SystemEventsBroker","Agente de Eventos do Sistema","Running","Auto","C:\WINDOWS\system32\svchost.exe -k DcomLaunch -p"
"TabletInputService","Servi?o de Teclado Virtual e Painel de Manuscrito","Running","Manual","C:\WINDOWS\System32\svchost.exe -k LocalSystemNetworkRestricted -p"
"SSDPSRV","Descoberta SSDP","Running","Manual","C:\WINDOWS\system32\svchost.exe -k LocalServiceAndNoImpersonation -p"
"SQLWriter","SQL Server VSS Writer","Running","Auto","""C:\Program Files\Microsoft SQL Server\90\Shared\sqlwriter.exe"""
"sppsvc","Prote??o de Software","Running","Auto","C:\WINDOWS\system32\sppsvc.exe"
"SstpSvc","Servi?o SSTP","Running","Manual","C:\WINDOWS\system32\svchost.exe -k LocalService -p"
"TermService","Servi?os de ?rea de Trabalho Remota","Running","Manual","C:\WINDOWS\System32\svchost.exe -k NetworkService"
"Themes","Temas","Running","Auto","C:\WINDOWS\System32\svchost.exe -k netsvcs -p"
"TokenBroker","Gerenciador de Conta da Web","Running","Manual","C:\WINDOWS\system32\svchost.exe -k netsvcs -p"
"RmSvc","Servi?o de Gerenciamento de R?dio","Running","Manual","C:\WINDOWS\System32\svchost.exe -k LocalServiceNetworkRestricted"
"UIFlowLogShipper","Power Automate log shipper service","Running","Auto","""C:\Program Files (x86)\Power Automate Desktop\Microsoft.Flow.RPA.LogShipper.exe"""
"RemoteRegistry","Registro remoto","Running","Auto","C:\WINDOWS\system32\svchost.exe -k localService -p"
"RpcSs","RPC (Chamada de Procedimento Remoto)","Running","Auto","C:\WINDOWS\system32\svchost.exe -k rpcss -p"
"UIFlowAgentLauncherService","Power Automate agent launcher service","Running","Auto","""C:\Program Files (x86)\Power Automate Desktop\Microsoft.Flow.RPA.LauncherService.exe"""
"RpcEptMapper","Mapeador de Ponto de Extremidade RPC","Running","Auto","C:\WINDOWS\system32\svchost.exe -k RPCSS -p"
"UmRdpService","Redirecionador de Portas do Modo do Usu?rio dos Servi?os de ?rea de Trabalho","Running","Manual","C:\WINDOWS\System32\svchost.exe -k LocalSystemNetworkRestricted -p"
"ProfSvc","Servi?o de Perfil de Usu?rio","Running","Auto","C:\WINDOWS\system32\svchost.exe -k netsvcs -p"
"UserManager","Gerenciador de Usu?rios","Running","Auto","C:\WINDOWS\system32\svchost.exe -k netsvcs -p"
"UIFlowService","Power Automate service","Running","Auto","""C:\Program Files (x86)\Power Automate Desktop\UIFlowService.exe"""
"RasMan","Gerenciador de conex?o de acesso remoto","Running","Auto","C:\WINDOWS\System32\svchost.exe -k netsvcs"
"UIFlowUpdateService","Power Automate update service","Running","Auto","""C:\Program Files (x86)\Power Automate Desktop\Microsoft.Flow.RPA.UpdateService.exe"""
"SENS","Servi?o de Notifica??o de Eventos do Sistema","Running","Auto","C:\WINDOWS\system32\svchost.exe -k netsvcs -p"
"TrkWks","Cliente de rastreamento de link distribu?do","Running","Auto","C:\WINDOWS\System32\svchost.exe -k LocalSystemNetworkRestricted -p"
"SecurityHealthService","Servi?o de Seguran?a do Windows","Running","Manual","C:\WINDOWS\system32\SecurityHealthService.exe"
"TRCTARGET","IBM BigFix Remote Control - Target","Running","Auto","""C:\Program Files (x86)\IBM\Tivoli\Remote Control\Target\trc_base.exe"" -s"
"Trend Micro Endpoint Basecamp","Trend Micro Endpoint Basecamp","Running","Auto","""C:\\Program Files (x86)\\Trend Micro\\Endpoint Basecamp\\EndpointBasecamp.exe"" /service"
"Trend Micro Web Service Communicator","Trend Micro Web Service Communicator","Running","Auto","""C:\\Program Files (x86)\\Trend Micro\\Endpoint Basecamp\\modules\\wsc\\WSCommunicator.exe"" /service"
"Schedule","Agendador de Tarefas","Running","Auto","C:\WINDOWS\system32\svchost.exe -k netsvcs -p"
"SamSs","Gerente de Contas de Seguran?a","Running","Auto","C:\WINDOWS\system32\lsass.exe"
"RtkAudioUniversalService","Realtek Audio Universal Service","Running","Auto","""C:\WINDOWS\System32\DriverStore\FileRepository\realtekservice.inf_amd64_18c775e07a6aaafd\RtkAudUService64.exe"""
"seclogon","Logon secund?rio","Running","Manual","C:\WINDOWS\system32\svchost.exe -k netsvcs -p"
"TrustedInstaller","Instalador de M?dulos do Windows","Running","Manual","C:\WINDOWS\servicing\TrustedInstaller.exe"
"scpbradserv","Componente de Seguran?a Bradesco","Running","Auto","""C:\Program Files (x86)\scpbrad\scpbradserv.exe"""
"igfxCUIService2.0.0.0","Intel(R) HD Graphics Control Panel Service","Running","Auto","C:\WINDOWS\System32\DriverStore\FileRepository\cui_dch.inf_amd64_e67d3946e6cd0335\igfxCUIService.exe"
"cplspcon","Intel(R) Content Protection HDCP Service","Running","Auto","C:\WINDOWS\System32\DriverStore\FileRepository\iigd_dch.inf_amd64_b33450aec57de6f7\IntelCpHDCPSvc.exe"
"cphs","Intel(R) Content Protection HECI Service","Running","Manual","C:\WINDOWS\System32\DriverStore\FileRepository\iigd_dch.inf_amd64_b33450aec57de6f7\IntelCpHeciSvc.exe"
"CryptSvc","Servi?os de criptografia","Running","Auto","C:\WINDOWS\system32\svchost.exe -k NetworkService -p"
"DcomLaunch","Inicializador do Processo de Servidor DCOM","Running","Auto","C:\WINDOWS\system32\svchost.exe -k DcomLaunch -p"
"CWAUpdaterService","Citrix Workspace Updater Service","Running","Auto","""C:\Program Files (x86)\Citrix\ICA Client\Receiver\UpdaterService.exe"""
"CoreMessagingRegistrar","CoreMessaging","Running","Auto","C:\WINDOWS\system32\svchost.exe -k LocalServiceNoNetwork -p"
"CloudEndpointService","Cloud Endpoint Service","Running","Auto","""C:\Program Files\Trend Micro\Cloud Endpoint\CloudEndpointService.exe"" --service --env=""prod"" --region=""us1"" --tid=""619e1ad3-88fd-4b03-9652-40328fa28791"" --xid=""c9ba0f06-1af0-4578-82e1-ae7e2b709ace"""
"CaptureService_371894","CaptureService_371894","Running","Manual","C:\WINDOWS\system32\svchost.exe -k LocalService -p"
"CmRcService","Controle Remoto do Configuration Manager","Running","Auto","C:\windows\CCM\RemCtrl\CmRcService.exe"
"COMSysApp","COM+ System Application","Running","Manual","C:\WINDOWS\system32\dllhost.exe /Processid:{02D4B3F1-FD88-11D1-960D-00805FC79235}"
"com.docker.service","Docker Desktop Service","Running","Auto","""C:\Program Files\Docker\Docker\com.docker.service"""
"DeviceAssociationService","Servi?o de Associa??o de Dispositivo","Running","Manual","C:\WINDOWS\system32\svchost.exe -k LocalSystemNetworkRestricted -p"
"WpnService","Servi?o do Sistema de Notifica??es por Push do Windows","Running","Auto","C:\WINDOWS\system32\svchost.exe -k netsvcs -p"
"wscsvc","Central de Seguran?a","Running","Auto","C:\WINDOWS\System32\svchost.exe -k LocalServiceNetworkRestricted -p"
"Dnscache","Cliente DNS","Running","Auto","C:\WINDOWS\system32\svchost.exe -k NetworkService -p"
"DPS","Servi?o de Pol?tica de Diagn?stico","Running","Auto","C:\WINDOWS\System32\svchost.exe -k LocalServiceNoNetwork -p"
"dot3svc","Configura??o Autom?tica com Fio","Running","Auto","C:\WINDOWS\system32\svchost.exe -k LocalSystemNetworkRestricted -p"
"WSearch","Windows Search","Running","Auto","C:\WINDOWS\system32\SearchIndexer.exe /Embedding"
"Dhcp","Cliente DHCP","Running","Auto","C:\WINDOWS\system32\svchost.exe -k LocalServiceNetworkRestricted -p"
"DeviceInstall","Servi?o de Instala??o de Dispositivo","Running","Manual","C:\WINDOWS\system32\svchost.exe -k DcomLaunch -p"
"DiagTrack","Experi?ncias do Usu?rio Conectado e Telemetria","Running","Auto","C:\WINDOWS\System32\svchost.exe -k utcsvc -p"
"DispBrokerDesktopSvc","Exibir Servi?o de Pol?tica","Running","Auto","C:\WINDOWS\system32\svchost.exe -k LocalService -p"
"WslService","ms-resource:AppName","Running","Auto","C:\Program Files\WindowsApps\MicrosoftCorporationII.WindowsSubsystemForLinux_1.2.5.0_x64__8wekyb3d8bbwe\wslservice.exe"
"ClickToRunSvc","Servi?o Clique para Executar do Microsoft Office","Running","Auto","""C:\Program Files\Common Files\Microsoft Shared\ClickToRun\OfficeClickToRun.exe"" /service"
"OneSyncSvc_371894","Host de Sincroniza??o_371894","Running","Auto","C:\WINDOWS\system32\svchost.exe -k UnistackSvcGroup"
"PimIndexMaintenanceSvc_371894","Dados de Contato_371894","Running","Manual","C:\WINDOWS\system32\svchost.exe -k UnistackSvcGroup"
"AudioEndpointBuilder","Construtor de Pontos de Extremidade de ?udio do Windows","Running","Auto","C:\WINDOWS\System32\svchost.exe -k LocalSystemNetworkRestricted -p"
"BESClient","BES Client","Running","Auto","""C:\Program Files (x86)\BigFix Enterprise\BES Client\BESClient.exe"""
"Audiosrv","?udio do Windows","Running","Auto","C:\WINDOWS\System32\svchost.exe -k LocalServiceNetworkRestricted -p"
"PrintWorkflowUserSvc_371894","PrintWorkflow_371894","Running","Manual","C:\WINDOWS\system32\svchost.exe -k PrintWorkflow"
"UserDataSvc_371894","Acesso a Dados de Usu?rio_371894","Running","Manual","C:\WINDOWS\system32\svchost.exe -k UnistackSvcGroup"
"WpnUserService_371894","Servi?o de Usu?rio de Notifica??es por Push do Windows_371894","Running","Auto","C:\WINDOWS\system32\svchost.exe -k UnistackSvcGroup"
"AOTAgentSvc","Trend Micro Telemetry Service","Running","Auto","""C:\Program Files (x86)\Trend Micro\AOT\AOTAgent.exe"""
"Appinfo","Informa??es sobre Aplicativos","Running","Manual","C:\WINDOWS\system32\svchost.exe -k netsvcs -p"
"UnistoreSvc_371894","Armazenamento de Dados de Usu?rio_371894","Running","Manual","C:\WINDOWS\System32\svchost.exe -k UnistackSvcGroup"
"BFE","Mecanismo de Filtragem B?sica","Running","Auto","C:\WINDOWS\system32\svchost.exe -k LocalServiceNoNetworkFirewall -p"
"CcmExec","Host de Agente do SMS","Running","Auto","C:\windows\CCM\CcmExec.exe"
"camsvc","Servi?o do Gerenciador de Acesso de Recurso","Running","Manual","C:\WINDOWS\system32\svchost.exe -k appmodel -p"
"CDPSvc","Servi?o de Plataforma de Dispositivos Conectados","Running","Auto","C:\WINDOWS\system32\svchost.exe -k LocalService -p"
"CETASvc","Trend Micro Cloud Endpoint Telemetry Service","Running","Auto","""C:\Program Files (x86)\Trend Micro\Endpoint Basecamp\modules\ceta\CETASvc.exe"" --service --env=""prod"" --region=""us1"" --log-path=""C:\Program Files (x86)\Trend Micro\Endpoint Basecamp\log"""
"CertPropSvc","Propaga??o de Certificado","Running","Manual","C:\WINDOWS\system32\svchost.exe -k netsvcs"
"cbdhsvc_371894","Servi?o de Usu?rio da ?rea de Transfer?ncia_371894","Running","Manual","C:\WINDOWS\system32\svchost.exe -k ClipboardSvcGroup -p"
"BrokerInfrastructure","Servi?o de Infraestrutura de Tarefas de Segundo Plano","Running","Auto","C:\WINDOWS\system32\svchost.exe -k DcomLaunch -p"
"BITS","Servi?o de Transfer?ncia Inteligente em Segundo Plano","Running","Auto","C:\WINDOWS\System32\svchost.exe -k netsvcs -p"
"Browser","Pesquisador de Computadores","Running","Manual","C:\WINDOWS\System32\svchost.exe -k netsvcs -p"
"CDPUserSvc_371894","Servi?o de Usu?rio da Plataforma de Dispositivos Conectados_371894","Running","Auto","C:\WINDOWS\system32\svchost.exe -k UnistackSvcGroup"
"BthAvctpSvc","Servi?o AVCTP","Running","Manual","C:\WINDOWS\system32\svchost.exe -k LocalService -p"
"Eaphost","Protocolo de Autentica??o Extens?vel","Running","Manual","C:\WINDOWS\System32\svchost.exe -k netsvcs -p"
"hns","Servi?o de Rede Host","Running","Manual","C:\WINDOWS\system32\svchost.exe -k NetSvcs -p"
"HvHost","Servi?o de Host HV","Running","Manual","C:\WINDOWS\system32\svchost.exe -k LocalSystemNetworkRestricted -p"
"EventLog","Log de Eventos do Windows","Running","Auto","C:\WINDOWS\System32\svchost.exe -k LocalServiceNetworkRestricted -p"
"DusmSvc","Uso de Dados","Running","Auto","C:\WINDOWS\System32\svchost.exe -k LocalServiceNetworkRestricted -p"
"gpsvc","Cliente da Pol?tica de Grupo","Running","Auto","C:\WINDOWS\system32\svchost.exe -k GPSvcGroup"
"WinHttpAutoProxySvc","Servi?o de Descoberta Autom?tica de Proxy da Web do WinHTTP","Running","Manual","C:\WINDOWS\system32\svchost.exe -k LocalServiceNetworkRestricted -p"
"EFS","EFS (Encrypting File System)","Running","Manual","C:\WINDOWS\System32\lsass.exe"
"Winmgmt","Testador de instrumenta??o de gerenciam. do Windows","Running","Auto","C:\WINDOWS\system32\svchost.exe -k netsvcs -p"
"hidserv","Servi?o de Dispositivos de Interface Humana","Running","Manual","C:\WINDOWS\system32\svchost.exe -k LocalSystemNetworkRestricted -p"
"FontCache3.0.0.0","Windows Presentation Foundation Font Cache 3.0.0.0","Running","Manual","C:\WINDOWS\Microsoft.Net\Framework64\v3.0\WPF\PresentationFontCache.exe"
"FoxitPhantomPDFUpdateService","Foxit PDF Editor Update Service","Running","Auto","""C:\Program Files (x86)\Foxit Software\Foxit PDF Editor\FoxitPDFEditorUpdateService.exe"""
"FontCache","Servi?o de Cache de Fontes do Windows","Running","Auto","C:\WINDOWS\system32\svchost.exe -k LocalService -p"
"igccservice","Intel(R) Graphics Command Center Service","Running","Auto","C:\WINDOWS\System32\DriverStore\FileRepository\igcc_dch.inf_amd64_26b207b939eae50e\OneApp.IGCC.WinService.exe"
"EventSystem","COM+ evento do sistema","Running","Auto","C:\WINDOWS\system32\svchost.exe -k LocalService -p"
"DsSvc","Servi?o de Compartilhamento de Dados","Running","Manual","C:\WINDOWS\System32\svchost.exe -k LocalSystemNetworkRestricted -p"
"WinRM","Windows Remote Management (WS-Management)","Running","Auto","C:\WINDOWS\System32\svchost.exe -k NetworkService -p"
"FoxitReaderUpdateService","Foxit PDF Reader Update Service","Running","Auto","""C:\Program Files (x86)\Foxit Software\Foxit Reader\FoxitPDFReaderUpdateService.exe"""
"CredentialEnrollmentManagerUserSvc_371894","CredentialEnrollmentManagerUserSvc_371894","Stopped","Manual","C:\WINDOWS\system32\CredentialEnrollmentManager.exe"
"WebClient","Cliente da Web","Stopped","Disabled","C:\WINDOWS\system32\svchost.exe -k LocalService -p"
"WinDefend","Servi?o Microsoft Defender Antiv?rus","Stopped","Manual","""C:\ProgramData\Microsoft\Windows Defender\platform\4.18.1911.3-0\MsMpEng.exe"""
"ConsentUxUserSvc_371894","ConsentUX_371894","Stopped","Manual","C:\WINDOWS\system32\svchost.exe -k DevicesFlow"
"WdNisSvc","Servi?o de Inspe??o de Rede do Microsoft Defender Antiv?rus","Stopped","Manual","""C:\ProgramData\Microsoft\Windows Defender\platform\4.18.1911.3-0\NisSrv.exe"""
"wisvc","Servi?o do Windows Insider","Stopped","Manual","C:\WINDOWS\system32\svchost.exe -k netsvcs -p"
"TroubleshootingSvc","Servi?o de solu??o de problemas recomendado","Stopped","Manual","C:\WINDOWS\system32\svchost.exe -k netsvcs -p"
"WiaRpc","Eventos de Aquisi??o de Imagens Est?ticas","Stopped","Manual","C:\WINDOWS\system32\svchost.exe -k LocalSystemNetworkRestricted -p"
"WerSvc","Servi?o de Relat?rios de Erro do Windows","Stopped","Manual","C:\WINDOWS\System32\svchost.exe -k WerSvcGroup"
"Wecsvc","Coletor de Eventos do Windows","Stopped","Manual","C:\WINDOWS\system32\svchost.exe -k NetworkService -p"
"TapiSrv","Telefonia","Stopped","Manual","C:\WINDOWS\System32\svchost.exe -k NetworkService -p"
"UdkUserSvc_371894","Servi?o de usu?rio UDK_371894","Stopped","Manual","C:\WINDOWS\system32\svchost.exe -k UdkSvcGroup"
"AdobeARMservice","Adobe Acrobat Update Service","Stopped","Disabled","""C:\Program Files (x86)\Common Files\Adobe\ARM\1.0\armsvc.exe"""
"WpcMonSvc","Controles dos Pais","Stopped","Manual","C:\WINDOWS\system32\svchost.exe -k LocalService"
"WEPHOSTSVC","Servi?o de Host do Provedor de Criptografia do Windows","Stopped","Manual","C:\WINDOWS\system32\svchost.exe -k WepHostSvcGroup"
"wercplsupport","Suporte do Painel de Controle Relat?rios de problemas","Stopped","Manual","C:\WINDOWS\System32\svchost.exe -k netsvcs -p"
"WebManagement","Web Management","Stopped","Disabled","C:\WINDOWS\system32\WebManagement.exe"
"DevicePickerUserSvc_371894","DevicePicker_371894","Stopped","Manual","C:\WINDOWS\system32\svchost.exe -k DevicesFlow"
"DevicesFlowUserSvc_371894","DevicesFlow_371894","Stopped","Manual","C:\WINDOWS\system32\svchost.exe -k DevicesFlow"
"WFDSConMgrSvc","Servi?o do Gerenciador de Conex?es de Servi?os do Wi-Fi Direct","Stopped","Manual","C:\WINDOWS\system32\svchost.exe -k LocalServiceNetworkRestricted -p"
"DeviceAssociationBrokerSvc_371894","DeviceAssociationBroker_371894","Stopped","Manual","C:\WINDOWS\system32\svchost.exe -k DevicesFlow -p"
"MessagingService_371894","MessagingService_371894","Stopped","Manual","C:\WINDOWS\system32\svchost.exe -k UnistackSvcGroup"
"TieringEngineService","Gerenciamento de Camadas de Armazenamento","Stopped","Manual","C:\WINDOWS\system32\TieringEngineService.exe"
"WebexService","Cisco WebEx Update Service","Stopped","Manual","""C:\Program Files (x86)\Webex\Webex\Applications\WebExService.exe"""
"LxssManagerUser_371894","LxssManagerUser_371894","Stopped","Manual","C:\WINDOWS\system32\svchost.exe -k LxssManagerUser -p"
"WlanSvc","Configura??o Autom?tica de WLAN","Stopped","Manual","C:\WINDOWS\system32\svchost.exe -k LocalSystemNetworkRestricted -p"
"workfolderssvc","Pastas de Trabalho","Stopped","Manual","C:\WINDOWS\System32\svchost.exe -k LocalService -p"
"WMPNetworkSvc","Servi?o de Compartilhamento de Rede do Windows Media Player","Stopped","Manual","""C:\Program Files\Windows Media Player\wmpnetwk.exe"""
"vds","Disco Virtual","Stopped","Manual","C:\WINDOWS\System32\vds.exe"
"VBoxSDS","VirtualBox system service","Stopped","Manual","""C:\Program Files\Oracle\VirtualBox\VBoxSDS.exe"""
"wuauserv","Windows Update","Stopped","Manual","C:\WINDOWS\system32\svchost.exe -k netsvcs -p"
"VacSvc","Servi?o Compositor de ?udio Volum?trico","Stopped","Manual","C:\WINDOWS\System32\svchost.exe -k LocalServiceNetworkRestricted -p"
"VSS","C?pia de Sombra de Volume","Stopped","Manual","C:\WINDOWS\system32\vssvc.exe"
"WwanSvc","Configura??o Autom?tica de WWAN","Stopped","Manual","C:\WINDOWS\system32\svchost.exe -k LocalSystemNetworkRestricted -p"
"XblAuthManager","Gerenciador de Autentica??o Xbox Live","Stopped","Manual","C:\WINDOWS\system32\svchost.exe -k netsvcs -p"
"vmicvmsession","Servi?o Direto do Hyper-V PowerShell","Stopped","Manual","C:\WINDOWS\system32\svchost.exe -k LocalSystemNetworkRestricted -p"
"vmicvss","Solicitante de C?pia de Sombra de Volume do Hyper-V","Stopped","Manual","C:\WINDOWS\system32\svchost.exe -k LocalSystemNetworkRestricted -p"
"vmictimesync","Servi?o de Sincroniza??o de Data/Hora do Hyper-V","Stopped","Manual","C:\WINDOWS\system32\svchost.exe -k LocalServiceNetworkRestricted -p"
"WPDBusEnum","Servi?o Enumerador de Dispositivos Port?teis","Stopped","Manual","C:\WINDOWS\system32\svchost.exe -k LocalSystemNetworkRestricted"
"vmicshutdown","Servi?o de Desligamento de Convidado do Hyper-V","Stopped","Manual","C:\WINDOWS\system32\svchost.exe -k LocalSystemNetworkRestricted -p"
"vmicheartbeat","Servi?o de Pulsa??o do Hyper-V","Stopped","Manual","C:\WINDOWS\system32\svchost.exe -k ICService -p"
"vmicguestinterface","Interface de Servi?o de Convidado do Hyper-V","Stopped","Manual","C:\WINDOWS\system32\svchost.exe -k LocalSystemNetworkRestricted -p"
"vmicrdv","Servi?o de Virtualiza??o de ?rea de Trabalho Remota do Hyper-V","Stopped","Manual","C:\WINDOWS\system32\svchost.exe -k ICService -p"
"vmickvpexchange","Servi?o de Troca de Dados do Hyper-V","Stopped","Manual","C:\WINDOWS\system32\svchost.exe -k LocalSystemNetworkRestricted -p"
"WarpJITSvc","WarpJITSvc","Stopped","Manual","C:\WINDOWS\System32\svchost.exe -k LocalServiceNetworkRestricted"
"wlpasvc","Servi?o Assistente de Perfil Local","Stopped","Manual","C:\WINDOWS\system32\svchost.exe -k LocalServiceNetworkRestricted -p"
"WaaSMedicSvc","Servi?o Medic do Windows Update","Stopped","Manual","C:\WINDOWS\system32\svchost.exe -k wusvcs -p"
"WalletService","WalletService","Stopped","Manual","C:\WINDOWS\System32\svchost.exe -k appmodel -p"
"wbengine","Servi?o de Mecanismo de Backup em N?vel de Bloco","Stopped","Manual","""C:\WINDOWS\system32\wbengine.exe"""
"tzautoupdate","Atualizador de Fuso Hor?rio Autom?tico","Stopped","Disabled","C:\WINDOWS\system32\svchost.exe -k LocalService -p"
"wlidsvc","Assistente de Conex?o de Conta da Microsoft","Stopped","Manual","C:\WINDOWS\system32\svchost.exe -k netsvcs -p"
"BluetoothUserService_371894","Servi?o de Suporte a Usu?rios de Bluetooth_371894","Stopped","Manual","C:\WINDOWS\system32\svchost.exe -k BthAppGroup -p"
"UevAgentService","Servi?o de User Experience Virtualization","Stopped","Disabled","C:\WINDOWS\system32\AgentService.exe"
"XboxGipSvc","Xbox Accessory Management Service","Stopped","Manual","C:\WINDOWS\system32\svchost.exe -k netsvcs -p"
"XboxNetApiSvc","Servi?o de Rede Xbox Live","Stopped","Manual","C:\WINDOWS\system32\svchost.exe -k netsvcs -p"
"VSStandardCollectorService150","Visual Studio Standard Collector Service 150","Stopped","Manual","""C:\Program Files (x86)\Microsoft Visual Studio\Shared\Common\DiagnosticsHub.Collection.Service\StandardCollector.Service.exe"""
"XblGameSave","Salvar Jogos no Xbox Live","Stopped","Manual","C:\WINDOWS\system32\svchost.exe -k netsvcs -p"
"upnphost","Host de dispositivo UPnP","Stopped","Manual","C:\WINDOWS\system32\svchost.exe -k LocalServiceAndNoImpersonation -p"
"WManSvc","Servi?o de gerenciamento do Windows","Stopped","Manual","C:\WINDOWS\system32\svchost.exe -k netsvcs -p"
"BcastDVRUserService_371894","Servi?o de Usu?rio do GameDVR e Transmiss?o_371894","Stopped","Manual","C:\WINDOWS\system32\svchost.exe -k BcastDVRUserService"
"AarSvc_371894","Agent Activation Runtime_371894","Stopped","Manual","C:\WINDOWS\system32\svchost.exe -k AarSvcGroup -p"
"wmiApSrv","Adaptador de Desempenho WMI","Stopped","Manual","C:\WINDOWS\system32\wbem\WmiApSrv.exe"
"fdPHost","Host de Provedor da Descoberta de Fun??o","Stopped","Manual","C:\WINDOWS\system32\svchost.exe -k LocalService -p"
"Fax","Fax","Stopped","Manual","C:\WINDOWS\system32\fxssvc.exe"
"EntAppSvc","Servi?o de Gerenciamento de Aplicativos Empresariais","Stopped","Manual","C:\WINDOWS\system32\svchost.exe -k appmodel -p"
"FDResPub","Publica??o de Recursos de Descoberta de Fun??o","Stopped","Manual","C:\WINDOWS\system32\svchost.exe -k LocalServiceAndNoImpersonation -p"
"GoogleChromeElevationService","Google Chrome Elevation Service (GoogleChromeElevationService)","Stopped","Manual","""C:\Program Files (x86)\Google\Chrome\Application\114.0.5735.199\elevation_service.exe"""
"FrameServer","Servidor de Quadros de C?mera do Windows","Stopped","Manual","C:\WINDOWS\System32\svchost.exe -k Camera"
"fhsvc","Servi?o de Hist?rico de Arquivos","Stopped","Manual","C:\WINDOWS\system32\svchost.exe -k LocalSystemNetworkRestricted -p"
"DoSvc","Otimiza??o de Entrega","Stopped","Auto","C:\WINDOWS\System32\svchost.exe -k NetworkService -p"
"dmwappushservice","Servi?o de Roteamento de mensagens de envio por Push WAP do Gerenciamento de Dispositivos","Stopped","Auto","C:\WINDOWS\system32\svchost.exe -k netsvcs -p"
"DmEnrollmentSvc","Servi?o de Registro de Gerenciamento de Dispositivos","Stopped","Manual","C:\WINDOWS\system32\svchost.exe -k netsvcs -p"
"DsmSvc","Gerenciador de Instala??o de Dispositivo","Stopped","Manual","C:\WINDOWS\system32\svchost.exe -k netsvcs -p"
"embeddedmode","Modo Incorporado","Stopped","Manual","C:\WINDOWS\System32\svchost.exe -k LocalSystemNetworkRestricted -p"
"edgeupdatem","Microsoft Edge Update Service (edgeupdatem)","Stopped","Manual","""C:\Program Files (x86)\Microsoft\EdgeUpdate\MicrosoftEdgeUpdate.exe"" /medsvc"
"edgeupdate","Microsoft Edge Update Service (edgeupdate)","Stopped","Auto","""C:\Program Files (x86)\Microsoft\EdgeUpdate\MicrosoftEdgeUpdate.exe"" /svc"
"KtmRm","KtmRm para Coordenador de Transa??es Distribu?das","Stopped","Manual","C:\WINDOWS\System32\svchost.exe -k NetworkServiceAndNoImpersonation -p"
"IpxlatCfgSvc","Servi?o de Configura??o de Convers?o de IP","Stopped","Manual","C:\WINDOWS\System32\svchost.exe -k LocalSystemNetworkRestricted -p"
"Intel(R) TPM Provisioning Service","Intel(R) TPM Provisioning Service","Stopped","Auto","C:\WINDOWS\System32\DriverStore\FileRepository\iclsclient.inf_amd64_75ffca5eec865b4b\lib\TPMProvisioningService.exe"
"lltdsvc","Mapeador da Descoberta de Topologia da Camada de Link","Stopped","Manual","C:\WINDOWS\System32\svchost.exe -k LocalService -p"
"LxssManager","LxssManager","Stopped","Manual","C:\WINDOWS\system32\svchost.exe -k netsvcs -p"
"LxpSvc","Servi?o de Experi?ncia em Idiomas","Stopped","Manual","C:\WINDOWS\system32\svchost.exe -k netsvcs"
"LNSUSvc","Servi?o de atualiza??o inteligente do IBM Notes       ","Stopped","Disabled","C:\Notes9\SUService.exe"
"gupdatem","Servi?o do Google Update (gupdatem)","Stopped","Manual","""C:\Program Files (x86)\Google\Update\GoogleUpdate.exe"" /medsvc"
"gupdate","Servi?o do Google Update (gupdate)","Stopped","Auto","""C:\Program Files (x86)\Google\Update\GoogleUpdate.exe"" /svc"
"GraphicsPerfSvc","GraphicsPerfSvc","Stopped","Manual","C:\WINDOWS\System32\svchost.exe -k GraphicsPerfSvcGroup"
"HgClientService","Servi?o de Cliente do Guardi?o de Host","Stopped","Manual","C:\WINDOWS\System32\svchost.exe -k netsvcs -p"
"Intel(R) Capability Licensing Service TCP IP Interface","Intel(R) Capability Licensing Service TCP IP Interface","Stopped","Manual","C:\WINDOWS\System32\DriverStore\FileRepository\iclsclient.inf_amd64_75ffca5eec865b4b\lib\SocketHeciServer.exe"
"icssvc","Servi?o de Hotspot M?vel do Windows","Stopped","Manual","C:\WINDOWS\system32\svchost.exe -k LocalServiceNetworkRestricted -p"
"IBM Notes Diagnostics","Diagn?stico do IBM Notes","Stopped","Disabled","C:\Notes9\nsd.exe -svcinvoke -ini ""C:\ProgramData\IBM\Notes\Data\notes.ini"""
"autotimesvc","Hora da Rede Celular","Stopped","Manual","C:\WINDOWS\system32\svchost.exe -k autoTimeSvc"
"AssignedAccessManagerSvc","Servi?o AssignedAccessManager","Stopped","Manual","C:\WINDOWS\system32\svchost.exe -k AssignedAccessManagerSvc"
"aspnet_state","ASP.NET State Service","Stopped","Manual","C:\WINDOWS\Microsoft.NET\Framework64\v4.0.30319\aspnet_state.exe"
"AxInstSV","Instalador do ActiveX (AxInstSV)","Stopped","Manual","C:\WINDOWS\system32\svchost.exe -k AxInstSVGroup"
"bthserv","Servi?o de Suporte a Bluetooth","Stopped","Manual","C:\WINDOWS\system32\svchost.exe -k LocalService -p"
"BTAGService","Servi?o de Gateway Bluetooth de ?udio","Stopped","Manual","C:\WINDOWS\system32\svchost.exe -k LocalServiceNetworkRestricted"
"BDESVC","Servi?o de Criptografia de Unidade de Disco BitLocker","Stopped","Manual","C:\WINDOWS\System32\svchost.exe -k netsvcs -p"
"AppIDSvc","Identidade do Aplicativo","Stopped","Manual","C:\WINDOWS\system32\svchost.exe -k LocalServiceNetworkRestricted -p"
"ALG","Servi?o Gateway de Camada de Aplicativo","Stopped","Manual","C:\WINDOWS\System32\alg.exe"
"AJRouter","Servi?o de Roteador AllJoyn","Stopped","Manual","C:\WINDOWS\system32\svchost.exe -k LocalServiceNetworkRestricted -p"
"AppMgmt","Gerenciamento de aplicativo","Stopped","Manual","C:\WINDOWS\system32\svchost.exe -k netsvcs -p"
"AppXSvc","Servi?o de Implanta??o AppX (AppXSVC)","Stopped","Manual","C:\WINDOWS\system32\svchost.exe -k wsappx -p"
"AppVClient","Microsoft App-V Client","Stopped","Disabled","C:\WINDOWS\system32\AppVClient.exe"
"AppReadiness","Prepara??o de Aplicativos","Stopped","Manual","C:\WINDOWS\System32\svchost.exe -k AppReadiness -p"
"DevQueryBroker","Agente de Descoberta em Segundo Plano de DevQuery","Stopped","Manual","C:\WINDOWS\system32\svchost.exe -k LocalSystemNetworkRestricted -p"
"DeveloperToolsService","Developer Tools Service","Stopped","Manual","C:\WINDOWS\System32\DeveloperToolsSvc.exe"
"defragsvc","Otimizador de unidade","Stopped","Manual","C:\WINDOWS\system32\svchost.exe -k defragsvc"
"diagnosticshub.standardcollector.service","Servi?o Coletor de Padr?es de Hub de Diagn?stico da Microsoft (R)","Stopped","Manual","C:\WINDOWS\system32\DiagSvcs\DiagnosticsHub.StandardCollector.Service.exe"
"DisplayEnhancementService","Servi?o de Aprimoramento de Exibi??o","Stopped","Manual","C:\WINDOWS\system32\svchost.exe -k LocalSystemNetworkRestricted -p"
"DialogBlockingService","DialogBlockingService","Stopped","Disabled","C:\WINDOWS\system32\svchost.exe -k DialogBlockingService"
"diagsvc","Diagnostic Execution Service","Stopped","Manual","C:\WINDOWS\System32\svchost.exe -k diagnostics"
"ClipSVC","Servi?o de Licen?as de Cliente (ClipSVC)","Stopped","Manual","C:\WINDOWS\System32\svchost.exe -k wsappx -p"
"bufservX64","PI-Buffer Server x64","Stopped","Disabled","""C:\Program Files\PIPC\bin\bufserv.exe"""
"bufserv","PI-Buffer Server","Stopped","Disabled","""C:\Program Files (x86)\PIPC\bin\bufserv.exe"""
"cloudidsvc","Servi?o de identidade Microsoft Cloud","Stopped","Manual","C:\WINDOWS\system32\svchost.exe -k CloudIdServiceGroup -p"
"debugregsvc","debugregsvc","Stopped","Auto","C:\WINDOWS\System32\svchost.exe -k DevToolsGroup"
"dcsvc","dcsvc","Stopped","Manual","C:\WINDOWS\system32\svchost.exe -k netsvcs -p"
"CscService","Arquivos Offline","Stopped","Manual","C:\WINDOWS\System32\svchost.exe -k LocalSystemNetworkRestricted -p"
"SDRSVC","Backup do Windows","Stopped","Manual","C:\WINDOWS\system32\svchost.exe -k SDRSVC"
"SCPolicySvc","Pol?tica de Remo??o de Cart?o Inteligente","Stopped","Manual","C:\WINDOWS\system32\svchost.exe -k netsvcs"
"ScDeviceEnum","Servi?o de Enumera??o de Dispositivo de Cart?o Inteligente","Stopped","Manual","C:\WINDOWS\system32\svchost.exe -k LocalSystemNetworkRestricted"
"SEMgrSvc","Gerenciador de NFC/SE e Pagamentos","Stopped","Manual","C:\WINDOWS\system32\svchost.exe -k LocalService -p"
"SensorService","Servi?o de Sensor","Stopped","Manual","C:\WINDOWS\system32\svchost.exe -k LocalSystemNetworkRestricted -p"
"SensorDataService","Servi?o de Dados de Sensor","Stopped","Manual","C:\WINDOWS\System32\SensorDataService.exe"
"Sense","Servi?o Prote??o Avan?ada contra Amea?as do Windows Defender","Stopped","Manual","""C:\Program Files\Windows Defender Advanced Threat Protection\MsSense.exe"""
"RasAuto","Gerenciador de conex?o de acesso remoto autom?tico","Stopped","Manual","C:\WINDOWS\System32\svchost.exe -k netsvcs -p"
"QWAVE","Quality Windows Audio Video Experience","Stopped","Manual","C:\WINDOWS\system32\svchost.exe -k LocalServiceAndNoImpersonation -p"
"PushToInstall","Servi?o Windows PushToInstall","Stopped","Manual","C:\WINDOWS\System32\svchost.exe -k netsvcs -p"
"RemoteAccess","Roteamento e Acesso Remoto","Stopped","Disabled","C:\WINDOWS\System32\svchost.exe -k netsvcs"
"SCardSvr","Cart?o inteligente","Stopped","Manual","C:\WINDOWS\system32\svchost.exe -k LocalServiceAndNoImpersonation"
"RpcLocator","Alocador Remote Procedure Call (RPC)","Stopped","Manual","C:\WINDOWS\system32\locator.exe"
"RetailDemo","Servi?o de Demonstra??o de Revenda","Stopped","Manual","C:\WINDOWS\System32\svchost.exe -k rdxgroup"
"ssh-agent","OpenSSH Authentication Agent","Stopped","Disabled","C:\WINDOWS\System32\OpenSSH\ssh-agent.exe"
"SSBExternalActivator","Service Broker External Activator","Stopped","Manual","""C:\Program Files (x86)\Service Broker\External Activator\Bin\ssbeas.exe"" /service:SSBExternalActivator"
"spectrum","Servi?o de Percep??o do Windows","Stopped","Manual","C:\WINDOWS\system32\spectrum.exe"
"sshd","OpenSSH SSH Server","Stopped","Manual","C:\WINDOWS\System32\OpenSSH\sshd.exe"
"swprv","Provedor de C?pia de Sombra de Software da Microsoft","Stopped","Manual","C:\WINDOWS\System32\svchost.exe -k swprv"
"svsvc","Verificador de Ponto","Stopped","Manual","C:\WINDOWS\system32\svchost.exe -k LocalSystemNetworkRestricted -p"
"SshdBroker","SshdBroker","Stopped","Manual","C:\WINDOWS\system32\svchost.exe -k SshBrokerGroup"
"shpamsvc","Shared PC Account Manager","Stopped","Disabled","C:\WINDOWS\System32\svchost.exe -k netsvcs -p"
"SharedRealitySvc","Servi?o de Dados Espaciais","Stopped","Manual","C:\WINDOWS\system32\svchost.exe -k LocalService -p"
"SensrSvc","Servi?o de Monitoramento de Sensor","Stopped","Manual","C:\WINDOWS\system32\svchost.exe -k LocalServiceAndNoImpersonation -p"
"smphost","SMP de Espa?os de Armazenamento da Microsoft","Stopped","Manual","C:\WINDOWS\System32\svchost.exe -k smphost"
"SNMPTRAP","Intercepta??o SNMP","Stopped","Manual","C:\WINDOWS\System32\snmptrap.exe"
"smstsmgr","Agente de Sequ?ncia de Tarefas do ConfigMgr","Stopped","Manual","C:\windows\CCM\TSManager.exe /service"
"SmsRouter","Servi?o de Roteador SMS do Microsoft Windows","Stopped","Manual","C:\WINDOWS\system32\svchost.exe -k LocalServiceNetworkRestricted -p"
"NaturalAuthentication","Autentica??o Natural","Stopped","Manual","C:\WINDOWS\system32\svchost.exe -k netsvcs -p"
"MsKeyboardFilter","Filtro de Teclado da Microsoft","Stopped","Disabled","C:\WINDOWS\system32\svchost.exe -k netsvcs -p"
"msiserver","Windows Installer","Stopped","Manual","C:\WINDOWS\system32\msiexec.exe /V"
"NcaSvc","Assistente de Conectividade de Rede","Stopped","Manual","C:\WINDOWS\System32\svchost.exe -k NetSvcs -p"
"NetTcpPortSharing","Servi?o de Compartilhamento de Porta Net.Tcp","Stopped","Disabled","C:\WINDOWS\Microsoft.NET\Framework64\v4.0.30319\SMSvcHost.exe"
"NetSetupSvc","Servi?o de Configura??o de Rede","Stopped","Manual","C:\WINDOWS\System32\svchost.exe -k netsvcs -p"
"NcdAutoSetup","Instala??o Autom?tica de Dispositivos Conectados ? Rede","Stopped","Manual","C:\WINDOWS\System32\svchost.exe -k LocalServiceNoNetwork -p"
"MicrosoftEdgeElevationService","Microsoft Edge Elevation Service (MicrosoftEdgeElevationService)","Stopped","Manual","""C:\Program Files (x86)\Microsoft\Edge\Application\114.0.1823.82\elevation_service.exe"""
"McpManagementService","McpManagementService","Stopped","Manual","C:\WINDOWS\system32\svchost.exe -k McpManagementServiceGroup"
"MapsBroker","Gerenciador de Mapas Baixados","Stopped","Auto","C:\WINDOWS\System32\svchost.exe -k NetworkService -p"
"MicrosoftSearchInBing","Microsoft Search in Bing","Stopped","Auto","""C:\Program Files (x86)\Microsoft\Microsoft Search in Bing\MicrosoftSearchInBing.exe"""
"MSiSCSI","Servi?o Iniciador Microsoft iSCSI","Stopped","Manual","C:\WINDOWS\system32\svchost.exe -k netsvcs -p"
"MozillaMaintenance","Mozilla Maintenance Service","Stopped","Manual","""C:\Program Files (x86)\Mozilla Maintenance Service\maintenanceservice.exe"""
"MixedRealityOpenXRSvc","Windows Mixed Reality OpenXR Service","Stopped","Manual","C:\WINDOWS\system32\svchost.exe -k LocalSystemNetworkRestricted -p"
"pibufss","PI Buffer Subsystem","Stopped","Manual","""C:\Program Files\PIPC\bin\pibufss.exe"""
"PerfHost","Host de DLL de Contador de Desempenho","Stopped","Manual","C:\WINDOWS\SysWow64\perfhost.exe"
"perceptionsimulation","Servi?o de Simula??o de Percep??o do Windows","Stopped","Manual","C:\WINDOWS\system32\PerceptionSimulation\PerceptionSimulationService.exe"
"pla","Logs e alertas de desempenho","Stopped","Manual","C:\WINDOWS\System32\svchost.exe -k LocalServiceNoNetwork -p"
"PrintNotify","Extens?es e Notifica??es da Impressora","Stopped","Manual","C:\WINDOWS\system32\svchost.exe -k print"
"PNRPsvc","Protocolo PNRP","Stopped","Manual","C:\WINDOWS\System32\svchost.exe -k LocalServicePeerNet"
"PNRPAutoReg","Servi?o de Publica??o de Nome de Computador do PNRP","Stopped","Manual","C:\WINDOWS\System32\svchost.exe -k LocalServicePeerNet"
"OfficeSvcManagerAddons","OfficeSvcManagerAddons","Stopped","Manual","C:\windows\system32\dllhost.exe /Processid:{2CA2E202-932F-4BA2-8771-195BB86398F5}"
"NgcSvc","Microsoft Passport","Stopped","Manual","C:\WINDOWS\system32\svchost.exe -k LocalSystemNetworkRestricted -p"
"NgcCtnrSvc","Cont?iner do Microsoft Passport","Stopped","Manual","C:\WINDOWS\system32\svchost.exe -k LocalServiceNetworkRestricted -p"
"ose","Office  Source Engine","Stopped","Manual","""C:\Program Files (x86)\Common Files\Microsoft Shared\Source Engine\OSE.EXE"""
"PeerDistSvc","BranchCache","Stopped","Manual","C:\WINDOWS\System32\svchost.exe -k PeerDist"
"p2psvc","Agrupamento de Rede de Par","Stopped","Manual","C:\WINDOWS\System32\svchost.exe -k LocalServicePeerNet"
"p2pimsvc","Gerenciador de Identidades de Rede de Par","Stopped","Manual","C:\WINDOWS\System32\svchost.exe -k LocalServicePeerNet"
