"Name","DisplayName","State","StartMode","PathName","ServiceType"
"tmusa","Trend Micro Osprey Driver","Running","Manual","C:\WINDOWS\system32\DRIVERS\tmusa.sys","Kernel Driver"
"MQAC","MQAC","Running","Auto","C:\WINDOWS\system32\drivers\mqac.sys","Kernel Driver"
"mpsdrv","Windows Defender Firewall Authorization Driver","Running","Manual","C:\WINDOWS\system32\drivers\mpsdrv.sys","Kernel Driver"
"mrxsmb","Wrapper e Mecanismo Mini-Redirecionador do SMB","Running","Manual","C:\WINDOWS\system32\DRIVERS\mrxsmb.sys","File System Driver"
"tmumh","tmumh","Running","System","C:\WINDOWS\system32\DRIVERS\TMUMH.sys","Kernel Driver"
"mrxsmb20","Mini-Redirecionador do SMB 2.0","Running","Manual","C:\WINDOWS\system32\DRIVERS\mrxsmb20.sys","File System Driver"
"mrxsmb10","Mini-Redirecionador do SMB 1.x","Running","Auto","C:\WINDOWS\system32\DRIVERS\mrxsmb10.sys","File System Driver"
"tmWfp","Trend Micro WFP Callout Driver","Running","Auto","C:\WINDOWS\system32\drivers\tmwfp.sys","Kernel Driver"
"MMCSS","Multimedia Class Scheduler","Running","Auto","C:\WINDOWS\system32\drivers\mmcss.sys","Kernel Driver"
"TPM","TPM","Running","Manual","C:\WINDOWS\system32\drivers\tpm.sys","Kernel Driver"
"monitor","Microsoft Monitor Class Function Driver Service","Running","Manual","C:\WINDOWS\system32\drivers\monitor.sys","Kernel Driver"
"mountmgr","Gerenciador de Pontos de Montagem","Running","Boot","C:\WINDOWS\system32\drivers\mountmgr.sys","Kernel Driver"
"mouhid","Driver do mouse HID","Running","Manual","C:\WINDOWS\system32\drivers\mouhid.sys","Kernel Driver"
"mouclass","Mouse Class Driver","Running","Manual","C:\WINDOWS\system32\drivers\mouclass.sys","Kernel Driver"
"tmeevw","tmeevw","Running","Manual","C:\WINDOWS\system32\DRIVERS\tmeevw.sys","Kernel Driver"
"MsQuic","MsQuic","Running","Manual","C:\WINDOWS\system32\drivers\msquic.sys","Kernel Driver"
"tmevtmgr","tmevtmgr","Running","Auto","C:\WINDOWS\system32\DRIVERS\tmevtmgr.sys","Kernel Driver"
"MsSecCore","Driver de Inicializa??o Principal de Seguran?a da Microsoft","Running","Boot","C:\WINDOWS\system32\drivers\msseccore.sys","Kernel Driver"
"mssmbios","Microsoft System Management BIOS Driver","Running","System","C:\WINDOWS\system32\drivers\mssmbios.sys","Kernel Driver"
"tmcomm","tmcomm","Running","System","C:\WINDOWS\system32\DRIVERS\tmcomm.sys","Kernel Driver"
"TMEBC","TMEBC","Running","Boot","C:\WINDOWS\system32\DRIVERS\TMEBC64.sys","Kernel Driver"
"tmnciesc","tmnciesc","Running","Manual","C:\WINDOWS\system32\DRIVERS\tmnciesc.sys","Kernel Driver"
"TmPreFilter","Trend Micro PreFilter","Running","Auto","\??\C:\Program Files (x86)\Trend Micro\OfficeScan Client\TmPreFlt.sys","Kernel Driver"
"Msfs","Msfs","Running","System","C:\WINDOWS\system32\drivers\Msfs.sys","File System Driver"
"TmKmSnsr","TmKmSnsr","Running","Auto","C:\WINDOWS\system32\DRIVERS\TmKmSnsr.sys","Kernel Driver"
"MsLldp","Protocolo Microsoft LLDP","Running","Auto","C:\WINDOWS\system32\drivers\mslldp.sys","Kernel Driver"
"TmFilter","Trend Micro Filter","Running","Auto","\??\C:\Program Files (x86)\Trend Micro\OfficeScan Client\TmXPFlt.sys","Kernel Driver"
"msisadrv","msisadrv","Running","Boot","C:\WINDOWS\system32\drivers\msisadrv.sys","Kernel Driver"
"MEIx64","Intel(R) Management Engine Interface ","Running","Manual","C:\WINDOWS\system32\drivers\TeeDriverW8x64.sys","Kernel Driver"
"IntcDAud","?udio Intel(R) para telas","Running","Manual","C:\WINDOWS\system32\DriverStore\FileRepository\intcdaud.inf_amd64_1b570d7b9a790b1a\IntcDAud.sys","Kernel Driver"
"IntcAzAudAddService","Service for Realtek HD Audio (WDM)","Running","Manual","C:\WINDOWS\system32\drivers\RTKVHD64.sys","Kernel Driver"
"IndirectKmd","Driver de modo Kernel de Indirect Displays","Running","Manual","C:\WINDOWS\system32\drivers\IndirectKmd.sys","Kernel Driver"
"usbccgp","Microsoft USB Generic Parent Driver","Running","Manual","C:\WINDOWS\system32\drivers\usbccgp.sys","Kernel Driver"
"iorate","Driver do Filtro de Taxa de E/S de Disco","Running","Boot","C:\WINDOWS\system32\drivers\iorate.sys","Kernel Driver"
"intelppm","Driver de Processador Intel","Running","Manual","C:\WINDOWS\system32\drivers\intelppm.sys","Kernel Driver"
"intelpep","Driver Intel(R) Power Engine Plug-in","Running","Boot","C:\WINDOWS\system32\drivers\intelpep.sys","Kernel Driver"
"iaLPSS2i_I2C_CNL","Intel(R) Serial IO I2C Driver v2","Running","Manual","C:\WINDOWS\system32\drivers\iaLPSS2i_I2C_CNL.sys","Kernel Driver"
"iaLPSS2i_GPIO2_CNL","Intel(R) Serial IO GPIO Driver v2","Running","Manual","C:\WINDOWS\system32\drivers\iaLPSS2i_GPIO2_CNL.sys","Kernel Driver"
"usbvideo","Dispositivo de v?deo USB (WDM)","Running","Manual","C:\WINDOWS\system32\Drivers\usbvideo.sys","Kernel Driver"
"USBPcap","USBPcap Capture Service","Running","Manual","C:\WINDOWS\system32\DRIVERS\USBPcap.sys","Kernel Driver"
"igfx","igfx","Running","Manual","C:\WINDOWS\system32\DriverStore\FileRepository\iigd_dch.inf_amd64_b33450aec57de6f7\igdkmd64.sys","Kernel Driver"
"iaStorAC","Intel(R) Chipset SATA/PCIe RST Premium Controller","Running","Boot","C:\WINDOWS\system32\drivers\iaStorAC.sys","Kernel Driver"
"USBHUB3","SuperSpeed Hub","Running","Manual","C:\WINDOWS\system32\drivers\UsbHub3.sys","Kernel Driver"
"UEFI","Driver UEFI da Microsoft","Running","Manual","C:\WINDOWS\system32\DriverStore\FileRepository\uefi.inf_amd64_c1628ffa62c8e54c\UEFI.sys","Kernel Driver"
"lltdio","Driver de E/S do Mapeador de Descoberta de Topologia de Camada de Link","Running","Auto","C:\WINDOWS\system32\drivers\lltdio.sys","Kernel Driver"
"ksthunk","Kernel Streaming Thunks","Running","Manual","C:\WINDOWS\system32\drivers\ksthunk.sys","Kernel Driver"
"Ucx01000","USB Host Support Library","Running","Manual","C:\WINDOWS\system32\drivers\ucx01000.sys","Kernel Driver"
"tsusbhub","Remote Desktop USB Hub","Running","Manual","C:\WINDOWS\system32\drivers\tsusbhub.sys","Kernel Driver"
"UcmCx0101","USB Connector Manager KMDF Class Extension","Running","Manual","C:\WINDOWS\system32\Drivers\UcmCx.sys","Kernel Driver"
"lxss","lxss","Running","Boot","C:\WINDOWS\system32\drivers\lxss.sys","Kernel Driver"
"kbdclass","Driver de Classe de Teclado","Running","Manual","C:\WINDOWS\system32\drivers\kbdclass.sys","Kernel Driver"
"umbus","Driver de Enumerador UMBus","Running","Manual","C:\WINDOWS\system32\DriverStore\FileRepository\umbus.inf_amd64_b78a9c5b6fd62c27\umbus.sys","Kernel Driver"
"usbaudio","Driver de ?udio USB (WDM)","Running","Manual","C:\WINDOWS\system32\drivers\usbaudio.sys","Kernel Driver"
"kbdhid","Driver de teclado HID","Running","Manual","C:\WINDOWS\system32\drivers\kbdhid.sys","Kernel Driver"
"KSecPkg","KSecPkg","Running","Boot","C:\WINDOWS\system32\Drivers\ksecpkg.sys","Kernel Driver"
"KSecDD","KSecDD","Running","Boot","C:\WINDOWS\system32\Drivers\ksecdd.sys","Kernel Driver"
"kdnic","Miniporta de Rede de Depura??o de Kernel da Microsoft (NDIS 6.20)","Running","Manual","C:\WINDOWS\system32\drivers\kdnic.sys","Kernel Driver"
"spaceport","Driver de Espa?os de Armazenamento","Running","Boot","C:\WINDOWS\system32\drivers\spaceport.sys","Kernel Driver"
"SpbCx","Simple Peripheral Bus Support Library","Running","Manual","C:\WINDOWS\system32\drivers\SpbCx.sys","Kernel Driver"
"srv2","Driver SMB 2.xxx do Servidor","Running","Manual","C:\WINDOWS\system32\DRIVERS\srv2.sys","File System Driver"
"PptpMiniport","Miniporta de rede remota (PPTP)","Running","Manual","C:\WINDOWS\system32\drivers\raspptp.sys","Kernel Driver"
"SgrmAgent","System Guard Runtime Monitor Agent","Running","Boot","C:\WINDOWS\system32\drivers\SgrmAgent.sys","Kernel Driver"
"Psched","Agendador de pacotes de servi?o","Running","System","C:\WINDOWS\system32\drivers\pacer.sys","Kernel Driver"
"prepdrvr","SMS Process Event Driver","Running","Manual","C:\WINDOWS\system32\DRIVERS\prepdrv.sys","Kernel Driver"
"pci","PCI Bus Driver","Running","Boot","C:\WINDOWS\system32\drivers\pci.sys","Kernel Driver"
"partmgr","Driver de parti??o","Running","Boot","C:\WINDOWS\system32\drivers\partmgr.sys","Kernel Driver"
"stornvme","Driver Microsoft Padr?o NVM Express","Running","Manual","C:\WINDOWS\system32\drivers\stornvme.sys","Kernel Driver"
"srvnet","srvnet","Running","Manual","C:\WINDOWS\system32\DRIVERS\srvnet.sys","File System Driver"
"PEAUTH","PEAUTH","Running","Auto","C:\WINDOWS\system32\drivers\peauth.sys","Kernel Driver"
"pdc","pdc","Running","Boot","C:\WINDOWS\system32\drivers\pdc.sys","Kernel Driver"
"pcw","Performance Counters for Windows Driver","Running","Boot","C:\WINDOWS\system32\drivers\pcw.sys","Kernel Driver"
"Serial","Serial port driver","Running","Manual","C:\WINDOWS\system32\drivers\serial.sys","Kernel Driver"
"rdyboost","ReadyBoost","Running","Boot","C:\WINDOWS\system32\drivers\rdyboost.sys","Kernel Driver"
"RdpVideoMiniport","Remote Desktop Video Miniport Driver","Running","Manual","C:\WINDOWS\system32\drivers\rdpvideominiport.sys","Kernel Driver"
"Serenum","Serenum Filter Driver","Running","Manual","C:\WINDOWS\system32\drivers\serenum.sys","Kernel Driver"
"secnvme","secnvme","Running","Boot","C:\WINDOWS\system32\drivers\secnvme.sys","Kernel Driver"
"RTSUER","Realtek USB Card Reader - UER","Running","Manual","C:\WINDOWS\system32\Drivers\RtsUer.sys","Kernel Driver"
"rspndr","Respondente de Descoberta de Topologia de Camada de Link","Running","Auto","C:\WINDOWS\system32\drivers\rspndr.sys","Kernel Driver"
"RasPppoe","Driver PPPOE de acesso remoto","Running","Manual","C:\WINDOWS\system32\DRIVERS\raspppoe.sys","Kernel Driver"
"Rasl2tp","Miniporta de rede remota (L2TP)","Running","Manual","C:\WINDOWS\system32\drivers\rasl2tp.sys","Kernel Driver"
"RasAgileVpn","Miniporta WAN (IKEv2)","Running","Manual","C:\WINDOWS\system32\drivers\AgileVpn.sys","Kernel Driver"
"RasSstp","Miniporta WAN (SSTP)","Running","Manual","C:\WINDOWS\system32\drivers\rassstp.sys","Kernel Driver"
"RDPDR","Driver de Redirecionador de Dispositivos de ?rea de Trabalho Remota","Running","Manual","C:\WINDOWS\system32\drivers\rdpdr.sys","Kernel Driver"
"rdpbus","Driver do Barramento do Redirecionador de Dispositivos de ?rea de Trabalho Remota","Running","Manual","C:\WINDOWS\system32\drivers\rdpbus.sys","Kernel Driver"
"rdbss","Subsistema de Buffer Redirecionado","Running","System","C:\WINDOWS\system32\DRIVERS\rdbss.sys","File System Driver"
"P9Rdr","Plan 9 Redirector Driver","Running","Manual","C:\WINDOWS\system32\drivers\p9rdr.sys","Kernel Driver"
"Ndisuio","NDIS Usermode I/O Protocol","Running","Manual","C:\WINDOWS\system32\drivers\ndisuio.sys","Kernel Driver"
"NdisTapi","Driver TAPI NDIS de acesso remoto","Running","Manual","C:\WINDOWS\system32\DRIVERS\ndistapi.sys","Kernel Driver"
"NdisCap","Captura NDIS da Microsoft","Running","System","C:\WINDOWS\system32\drivers\ndiscap.sys","Kernel Driver"
"NdisVirtualBus","Enumerador de Adaptador de Rede Virtual Microsoft","Running","Manual","C:\WINDOWS\system32\drivers\NdisVirtualBus.sys","Kernel Driver"
"tbimdsa","Trend Micro LightWeight Filter Driver","Running","System","C:\WINDOWS\system32\DRIVERS\tbimdsa.sys","Kernel Driver"
"Tcpip","Driver de Protocolo TCP/IP","Running","Boot","C:\WINDOWS\system32\drivers\tcpip.sys","Kernel Driver"
"NdisWan","Driver WAN NDIS de acesso remoto","Running","Manual","C:\WINDOWS\system32\drivers\ndiswan.sys","Kernel Driver"
"Mup","Mup","Running","Boot","C:\WINDOWS\system32\Drivers\mup.sys","File System Driver"
"terminpt","Driver de Entrada de ?rea de Trabalho Remota da Microsoft","Running","Manual","C:\WINDOWS\system32\drivers\terminpt.sys","Kernel Driver"
"tmactmon","tmactmon","Running","Auto","C:\WINDOWS\system32\DRIVERS\tmactmon.sys","Kernel Driver"
"Telemetry","Servi?o de Telemetria Intel(R)","Running","Boot","C:\WINDOWS\system32\drivers\IntelTA.sys","Kernel Driver"
"NDIS","Driver do Sistema NDIS","Running","Boot","C:\WINDOWS\system32\drivers\ndis.sys","Kernel Driver"
"tcpipreg","TCP/IP Registry Compatibility","Running","Auto","C:\WINDOWS\system32\drivers\tcpipreg.sys","Kernel Driver"
"tdx","Driver de Suporte a TDI Herdado de NetIO","Running","System","C:\WINDOWS\system32\DRIVERS\tdx.sys","Kernel Driver"
"Ntfs","Ntfs","Running","Manual","C:\WINDOWS\system32\drivers\Ntfs.sys","File System Driver"
"nsiproxy","NSI Proxy Service Driver","Running","System","C:\WINDOWS\system32\drivers\nsiproxy.sys","Kernel Driver"
"npsvctrig","Named pipe service trigger provider","Running","System","C:\WINDOWS\system32\drivers\npsvctrig.sys","Kernel Driver"
"Null","Null","Running","System","C:\WINDOWS\system32\drivers\Null.sys","Kernel Driver"
"storqosflt","Driver do Filtro QoS de Armazenamento","Running","Auto","C:\WINDOWS\system32\drivers\storqosflt.sys","File System Driver"
"nvlddmkm","nvlddmkm","Running","Manual","C:\WINDOWS\system32\DriverStore\FileRepository\nv_dispi.inf_amd64_b654cf20e2b8e7c4\nvlddmkm.sys","Kernel Driver"
"NVHDA","Service for NVIDIA High Definition Audio Driver","Running","Manual","C:\WINDOWS\system32\drivers\nvhda64v.sys","Kernel Driver"
"Synth3dVsp","Synth3dVsp","Running","Manual","C:\WINDOWS\system32\drivers\Synth3dVsp.sys","Kernel Driver"
"Ndu","Windows Network Data Usage Monitoring Driver","Running","Auto","C:\WINDOWS\system32\drivers\Ndu.sys","Kernel Driver"
"ndproxy","NDIS Proxy Driver","Running","Manual","C:\WINDOWS\system32\DRIVERS\NDProxy.sys","Kernel Driver"
"NetBT","NetBT","Running","System","C:\WINDOWS\system32\DRIVERS\netbt.sys","Kernel Driver"
"Npfs","Npfs","Running","System","C:\WINDOWS\system32\drivers\Npfs.sys","File System Driver"
"storvsp","storvsp","Running","Manual","C:\WINDOWS\system32\drivers\storvsp.sys","Kernel Driver"
"swenum","Software Bus Driver","Running","Manual","C:\WINDOWS\system32\DriverStore\FileRepository\swenum.inf_amd64_16a14542b63c02af\swenum.sys","Kernel Driver"
"CompositeBus","Driver Enumerador de Barramento de Composi??o","Running","Manual","C:\WINDOWS\system32\DriverStore\FileRepository\compositebus.inf_amd64_7500cffa210c6946\CompositeBus.sys","Kernel Driver"
"vpcivsp","Servidor PCI do Microsoft Hyper-V","Running","Manual","C:\WINDOWS\system32\drivers\vpcivsp.sys","Kernel Driver"
"CNG","CNG","Running","Boot","C:\WINDOWS\system32\Drivers\cng.sys","Kernel Driver"
"condrv","Console Driver","Running","Manual","C:\WINDOWS\system32\drivers\condrv.sys","Kernel Driver"
"CyUcmClient_Device","Servi?o do Cliente Perif?rico UCM Cypress","Running","Manual","C:\WINDOWS\system32\drivers\CyUcmClient.sys","Kernel Driver"
"ctxusbm","Citrix USB Monitor Driver","Running","Auto","C:\WINDOWS\system32\DRIVERS\ctxusbmon.sys","Kernel Driver"
"CSC","Driver de Arquivos Offline","Running","System","C:\WINDOWS\system32\drivers\csc.sys","Kernel Driver"
"cdrom","Driver de CD-ROM","Running","System","C:\WINDOWS\system32\drivers\cdrom.sys","Kernel Driver"
"vwififlt","Virtual WiFi Filter Driver","Running","System","C:\WINDOWS\system32\drivers\vwififlt.sys","Kernel Driver"
"wanarp","Driver ARP IP de acesso remoto","Running","Auto","C:\WINDOWS\system32\DRIVERS\wanarp.sys","Kernel Driver"
"CimFS","CimFS","Running","System","C:\WINDOWS\system32\drivers\CimFS.sys","File System Driver"
"CLFS","Common Log (CLFS)","Running","Boot","C:\WINDOWS\system32\drivers\CLFS.sys","Kernel Driver"
"CldFlt","Windows Cloud Files Filter Driver","Running","Auto","C:\WINDOWS\system32\drivers\cldflt.sys","File System Driver"
"VSApiNt","Trend Micro VSAPI NT","Running","Auto","\??\C:\Program Files (x86)\Trend Micro\OfficeScan Client\VSApiNt.sys","Kernel Driver"
"volmgr","Driver de Gerenciador de Volumes","Running","Boot","C:\WINDOWS\system32\drivers\volmgr.sys","Kernel Driver"
"EhStorClass","Enhanced Storage Filter Driver","Running","Boot","C:\WINDOWS\system32\drivers\EhStorClass.sys","Kernel Driver"
"volmgrx","Gerenciador de Volume Din?mico","Running","Boot","C:\WINDOWS\system32\drivers\volmgrx.sys","Kernel Driver"
"fastfat","FAT12/16/32 File System Driver","Running","Manual","C:\WINDOWS\system32\drivers\fastfat.sys","File System Driver"
"FileInfo","File Information FS MiniFilter","Running","Boot","C:\WINDOWS\system32\drivers\fileinfo.sys","File System Driver"
"FileCrypt","FileCrypt","Running","System","C:\WINDOWS\system32\drivers\filecrypt.sys","File System Driver"
"VmsProxy","VmSwitch Proxy Driver","Running","Boot","C:\WINDOWS\system32\drivers\VmsProxy.sys","Kernel Driver"
"disk","Driver de disco","Running","Boot","C:\WINDOWS\system32\drivers\disk.sys","Kernel Driver"
"Dfsc","Driver de Cliente para Namespaces de DFS","Running","System","C:\WINDOWS\system32\Drivers\dfsc.sys","File System Driver"
"DBUtilDrv2","DBUtilDrv2 Service","Running","Manual","C:\WINDOWS\system32\drivers\DBUtilDrv2.sys","Kernel Driver"
"volume","Driver do volume","Running","Boot","C:\WINDOWS\system32\drivers\volume.sys","Kernel Driver"
"e1dexpress","Intel(R) PRO/1000 PCI Express Network Connection Driver D","Running","Manual","C:\WINDOWS\system32\DriverStore\FileRepository\e1d68x64.inf_amd64_77f27cab0778c241\e1d68x64.sys","Kernel Driver"
"DXGKrnl","LDDM Graphics Subsystem","Running","System","C:\WINDOWS\system32\drivers\dxgkrnl.sys","Kernel Driver"
"volsnap","Driver de C?pia de Sombra de Volume","Running","Boot","C:\WINDOWS\system32\drivers\volsnap.sys","Kernel Driver"
"wcifs","Windows Container Isolation","Running","Auto","C:\WINDOWS\system32\drivers\wcifs.sys","File System Driver"
"afunix","afunix","Running","System","C:\WINDOWS\system32\drivers\afunix.sys","Kernel Driver"
"AFD","Ancillary Function Driver for Winsock","Running","System","C:\WINDOWS\system32\drivers\afd.sys","Kernel Driver"
"WUDFRd","Windows Driver Foundation - User-mode Driver Framework Reflector","Running","Manual","C:\WINDOWS\system32\drivers\WUDFRd.sys","Kernel Driver"
"ahcache","Application Compatibility Cache","Running","System","C:\WINDOWS\system32\DRIVERS\ahcache.sys","Kernel Driver"
"Wof","Windows Overlay File System Filter Driver","Running","Boot","C:\WINDOWS\system32\drivers\Wof.sys","File System Driver"
"WpdUpFltr","WPD Upper Class Filter Driver","Running","Manual","C:\WINDOWS\system32\drivers\WpdUpFltr.sys","Kernel Driver"
"wsddntf","Topaz OFD Network Monitor","Running","System","C:\WINDOWS\system32\DRIVERS\wsddntf.sys","Kernel Driver"
"acpiex","Microsoft ACPIEx Driver","Running","Boot","C:\WINDOWS\system32\Drivers\acpiex.sys","Kernel Driver"
"ACPI","Microsoft ACPI Driver","Running","Boot","C:\WINDOWS\system32\drivers\ACPI.sys","Kernel Driver"
"NetBIOS","NetBIOS Interface","Running","System","C:\WINDOWS\system32\drivers\netbios.sys","File System Driver"
"acpipagr","Driver do Agregador do Processador ACPI","Running","Manual","C:\WINDOWS\system32\drivers\acpipagr.sys","Kernel Driver"
"acsock","acsock","Running","Manual","C:\WINDOWS\system32\DRIVERS\acsock64.sys","Kernel Driver"
"WUDFWpdFs","Driver do Sistema de Arquivos WPD","Running","Manual","C:\WINDOWS\system32\DRIVERS\WUDFRd.sys","Kernel Driver"
"WUDFWpdMtp","WUDFWpdMtp","Running","Manual","C:\WINDOWS\system32\DRIVERS\WUDFRd.sys","Kernel Driver"
"BasicRender","BasicRender","Running","System","C:\WINDOWS\system32\DriverStore\FileRepository\basicrender.inf_amd64_ed345fdc37d65139\BasicRender.sys","Kernel Driver"
"BasicDisplay","BasicDisplay","Running","System","C:\WINDOWS\system32\DriverStore\FileRepository\basicdisplay.inf_amd64_fc93ae411c02f280\BasicDisplay.sys","Kernel Driver"
"bam","Background Activity Moderator Driver","Running","System","C:\WINDOWS\system32\drivers\bam.sys","Kernel Driver"
"Beep","Beep","Running","System","C:\WINDOWS\system32\drivers\Beep.sys","Kernel Driver"
"Wdf01000","Servi?o de Estruturas de Driver em Modo Kernel","Running","Boot","C:\WINDOWS\system32\drivers\Wdf01000.sys","Kernel Driver"
"bowser","Navegador","Running","Manual","C:\WINDOWS\system32\DRIVERS\bowser.sys","File System Driver"
"bindflt","Windows Bind Filter Driver","Running","Auto","C:\WINDOWS\system32\drivers\bindflt.sys","File System Driver"
"WINUSB","Driver WinUsb","Running","Manual","C:\WINDOWS\system32\drivers\WinUSB.SYS","Kernel Driver"
"AppleLowerFilter","Apple Lower Filter Driver","Running","Manual","C:\WINDOWS\system32\drivers\AppleLowerFilter.sys","Kernel Driver"
"WmiAcpi","Microsoft Windows Management Interface for ACPI","Running","Manual","C:\WINDOWS\system32\drivers\wmiacpi.sys","Kernel Driver"
"WinNat","Driver NAT do Windows","Running","Manual","C:\WINDOWS\system32\drivers\winnat.sys","Kernel Driver"
"WFPLWFS","Plataforma para Filtros do Microsoft Windows","Running","Boot","C:\WINDOWS\system32\drivers\wfplwfs.sys","Kernel Driver"
"WindowsTrustedRT","Windows Trusted Execution Environment Class Extension","Running","Boot","C:\WINDOWS\system32\drivers\WindowsTrustedRT.sys","Kernel Driver"
"WindowsTrustedRTProxy","Servi?o de Prote??o de Tempo de Execu??o Confi?vel do Microsoft Windows","Running","Boot","C:\WINDOWS\system32\drivers\WindowsTrustedRTProxy.sys","Kernel Driver"
"VMSP","VmSwitch Protocol Driver","Running","Auto","C:\WINDOWS\system32\drivers\vmswitch.sys","Kernel Driver"
"vhdmp","vhdmp","Running","Manual","C:\WINDOWS\system32\drivers\vhdmp.sys","Kernel Driver"
"HidUsb","Driver de classe HID da Microsoft","Running","Manual","C:\WINDOWS\system32\drivers\hidusb.sys","Kernel Driver"
"HTTP","Servi?o HTTP","Running","Manual","C:\WINDOWS\system32\drivers\HTTP.sys","Kernel Driver"
"VfpExt","Microsoft Azure VFP Switch Extension","Running","System","C:\WINDOWS\system32\drivers\vfpext.sys","Kernel Driver"
"vhdparser","vhdparser","Running","Manual","C:\WINDOWS\system32\drivers\vhdparser.sys","Kernel Driver"
"HDAudBus","Driver de Barramento Microsoft UAA para High Definition Audio","Running","Manual","C:\WINDOWS\system32\drivers\HDAudBus.sys","Kernel Driver"
"GpuEnergyDrv","GPU Energy Driver","Running","System","C:\WINDOWS\system32\drivers\gpuenergydrv.sys","Kernel Driver"
"Vid","Vid","Running","System","C:\WINDOWS\system32\drivers\Vid.sys","Kernel Driver"
"vmbusr","Provedor de Barramento da M?quina Virtual","Running","Manual","C:\WINDOWS\system32\drivers\vmbusr.sys","Kernel Driver"
"VBoxNetAdp","VirtualBox NDIS 6.0 Miniport Service","Running","Manual","C:\WINDOWS\system32\drivers\VBoxNetAdp6.sys","Kernel Driver"
"VBoxNetLwf","VirtualBox NDIS6 Bridged Networking Service","Running","System","C:\WINDOWS\system32\DRIVERS\VBoxNetLwf.sys","Kernel Driver"
"USBXHCI","Controlador Host Compat?vel com USB xHCI","Running","Manual","C:\WINDOWS\system32\drivers\USBXHCI.SYS","Kernel Driver"
"vbdenum","Citrix Virtual Bus Enumerator","Running","System","C:\WINDOWS\system32\drivers\vbdenum.sys","Kernel Driver"
"VBoxSup","VirtualBox Service","Running","System","C:\WINDOWS\system32\DRIVERS\VBoxSup.sys","Kernel Driver"
"hvsocketcontrol","hvsocketcontrol","Running","Manual","C:\WINDOWS\system32\drivers\hvsocketcontrol.sys","Kernel Driver"
"hvservice","Hypervisor/Virtual Machine Support Driver","Running","Manual","C:\WINDOWS\system32\drivers\hvservice.sys","Kernel Driver"
"VBoxUSBMon","VirtualBox USB Monitor Service","Running","System","C:\WINDOWS\system32\DRIVERS\VBoxUSBMon.sys","Kernel Driver"
"vdrvroot","Enumerador de Unidade Virtual Microsoft","Running","Boot","C:\WINDOWS\system32\drivers\vdrvroot.sys","Kernel Driver"
"GPIOClx0101","Microsoft GPIO Class Extension Driver","Running","Manual","C:\WINDOWS\system32\Drivers\msgpioclx.sys","Kernel Driver"
"FsDepends","File System Dependency Minifilter","Running","Manual","C:\WINDOWS\system32\drivers\FsDepends.sys","File System Driver"
"vmsmp","vmsmp","Running","Manual","C:\WINDOWS\system32\drivers\vmswitch.sys","Kernel Driver"
"FltMgr","FltMgr","Running","Boot","C:\WINDOWS\system32\drivers\fltmgr.sys","File System Driver"
"VMSNPXY","VmSwitch NIC Proxy Driver","Running","Boot","C:\WINDOWS\system32\drivers\VmsProxyHNic.sys","Kernel Driver"
"fvevol","Driver de Filtro de Criptografia de Unidade de Disco BitLocker","Running","Boot","C:\WINDOWS\system32\DRIVERS\fvevol.sys","Kernel Driver"
"VMSNPXYMP","VMSNPXYMP","Running","Manual","C:\WINDOWS\system32\drivers\VmsProxyHNic.sys","Kernel Driver"
"spaceparser","Space Parser","Stopped","Manual","C:\WINDOWS\system32\drivers\spaceparser.sys","Kernel Driver"
"ws2ifsl","Winsock IFS Driver","Stopped","Disabled","C:\WINDOWS\system32\drivers\ws2ifsl.sys","Kernel Driver"
"SiSRaid4","SiSRaid4","Stopped","Manual","C:\WINDOWS\system32\drivers\sisraid4.sys","Kernel Driver"
"wsddpp","Warsaw - Driver (PP)","Stopped","System","\??\C:\windows\system32\drivers\wsddpp.sys","Kernel Driver"
"wsddfac","wsddfac","Stopped","System","C:\WINDOWS\system32\drivers\wsddfac.sys","File System Driver"
"usbhub","Microsoft USB Standard Hub Driver","Stopped","Manual","C:\WINDOWS\system32\drivers\usbhub.sys","Kernel Driver"
"smbdirect","smbdirect","Stopped","Manual","C:\WINDOWS\system32\DRIVERS\smbdirect.sys","File System Driver"
"SmartSAMD","SmartSAMD","Stopped","Manual","C:\WINDOWS\system32\drivers\SmartSAMD.sys","Kernel Driver"
"stexstor","stexstor","Stopped","Manual","C:\WINDOWS\system32\drivers\stexstor.sys","Kernel Driver"
"tunnel","Driver do Adaptador de Miniporta de T?nel da Microsoft","Stopped","Manual","C:\WINDOWS\system32\drivers\tunnel.sys","Kernel Driver"
"VerifierExt","Extens?o do Verificador de Driver","Stopped","Disabled","C:\WINDOWS\system32\drivers\VerifierExt.sys","Kernel Driver"
"storahci","Driver AHCI SATA Padr?o da Microsoft","Stopped","Manual","C:\WINDOWS\system32\drivers\storahci.sys","Kernel Driver"
"WinVerbs","Servi?o WinVerbs","Stopped","Manual","C:\WINDOWS\system32\drivers\winverbs.sys","Kernel Driver"
"usbehci","Microsoft USB 2.0 Enhanced Host Controller Miniport Driver","Stopped","Manual","C:\WINDOWS\system32\drivers\usbehci.sys","Kernel Driver"
"SpatialGraphFilter","Holographic Spatial Graph Filter","Stopped","Manual","C:\WINDOWS\system32\drivers\SpatialGraphFilter.sys","Kernel Driver"
"TsUsbGD","Dispositivo USB Gen?rico de ?rea de Trabalho Remota","Stopped","Manual","C:\WINDOWS\system32\drivers\TsUsbGD.sys","Kernel Driver"
"usbcir","eHome Infrared Receiver (USBCIR)","Stopped","Manual","C:\WINDOWS\system32\drivers\usbcir.sys","Kernel Driver"
"SerCx2","Serial UART Support Library","Stopped","Manual","C:\WINDOWS\system32\drivers\SerCx2.sys","Kernel Driver"
"SerCx","Serial UART Support Library","Stopped","Manual","C:\WINDOWS\system32\drivers\SerCx.sys","Kernel Driver"
"xboxgip","Driver de Protocolo de Entrada de Jogo do Xbox","Stopped","Manual","C:\WINDOWS\system32\drivers\xboxgip.sys","Kernel Driver"
"usbser","Driver Serial USB Microsoft","Stopped","Manual","C:\WINDOWS\system32\drivers\usbser.sys","Kernel Driver"
"USBSTOR","USB Mass Storage Driver","Stopped","Manual","C:\WINDOWS\system32\drivers\USBSTOR.SYS","Kernel Driver"
"SDFRd","Refletor de SDF","Stopped","Manual","C:\WINDOWS\system32\drivers\SDFRd.sys","Kernel Driver"
"sdbus","sdbus","Stopped","Manual","C:\WINDOWS\system32\drivers\sdbus.sys","Kernel Driver"
"sdstor","Driver de Porta de Armazenamento SD","Stopped","Manual","C:\WINDOWS\system32\drivers\sdstor.sys","Kernel Driver"
"usbuhci","Microsoft USB Universal Host Controller Miniport Driver","Stopped","Manual","C:\WINDOWS\system32\drivers\usbuhci.sys","Kernel Driver"
"xinputhid","Driver de Filtro XINPUT HID","Stopped","Manual","C:\WINDOWS\system32\drivers\xinputhid.sys","Kernel Driver"
"sermouse","Serial Mouse Driver","Stopped","Manual","C:\WINDOWS\system32\drivers\sermouse.sys","Kernel Driver"
"VMSVSP","VmSwitch Extensibility Protocol","Stopped","Manual","C:\WINDOWS\system32\drivers\vmswitch.sys","Kernel Driver"
"sfloppy","Unidade de disquete de alta capacidade","Stopped","Manual","C:\WINDOWS\system32\drivers\sfloppy.sys","Kernel Driver"
"SiSRaid2","SiSRaid2","Stopped","Manual","C:\WINDOWS\system32\drivers\SiSRaid2.sys","Kernel Driver"
"wsddprm","Warsaw - Driver (PRM)","Stopped","Manual","\??\C:\windows\system32\drivers\wsddprm.sys","Kernel Driver"
"TsUsbFlt","Driver de Filtro da Classe Hub USB de ?rea de Trabalho Remota","Stopped","Manual","C:\WINDOWS\system32\drivers\tsusbflt.sys","Kernel Driver"
"usbprint","Microsoft USB PRINTER Class","Stopped","Manual","C:\WINDOWS\system32\drivers\usbprint.sys","Kernel Driver"
"WudfPf","User Mode Driver Frameworks Platform Driver","Stopped","Manual","C:\WINDOWS\system32\drivers\WudfPf.sys","Kernel Driver"
"VMSVSF","VmSwitch Extensibility Filter","Stopped","Manual","C:\WINDOWS\system32\drivers\vmswitch.sys","Kernel Driver"
"usbohci","Microsoft USB Open Host Controller Miniport Driver","Stopped","Manual","C:\WINDOWS\system32\drivers\usbohci.sys","Kernel Driver"
"VirtualRender","VirtualRender","Stopped","Manual","C:\WINDOWS\system32\DriverStore\FileRepository\vrd.inf_amd64_81fbd405ff2470fc\vrd.sys","Kernel Driver"
"vwifibus","Virtual Wireless Bus Driver","Stopped","Manual","C:\WINDOWS\system32\drivers\vwifibus.sys","Kernel Driver"
"VSTXRAID","VIA StorX Storage Controller Windows Driver","Stopped","Manual","C:\WINDOWS\system32\drivers\vstxraid.sys","Kernel Driver"
"UfxChipidea","Controlador USB Chipidea","Stopped","Manual","C:\WINDOWS\system32\DriverStore\FileRepository\ufxchipidea.inf_amd64_1c78775fffab6a0a\UfxChipidea.sys","Kernel Driver"
"vsmraid","vsmraid","Stopped","Manual","C:\WINDOWS\system32\drivers\vsmraid.sys","Kernel Driver"
"ufxsynopsys","Controlador USB Synopsys","Stopped","Manual","C:\WINDOWS\system32\drivers\ufxsynopsys.sys","Kernel Driver"
"wanarpv6","Driver ARP IPv6 de Acesso Remoto","Stopped","Manual","C:\WINDOWS\system32\DRIVERS\wanarp.sys","Kernel Driver"
"WacomPen","Driver HID da Caneta Serial Wacom","Stopped","Manual","C:\WINDOWS\system32\drivers\wacompen.sys","Kernel Driver"
"Tcpip6","@todo.dll,-100;Microsoft IPv6 Protocol Driver","Stopped","Manual","C:\WINDOWS\system32\drivers\tcpip.sys","Kernel Driver"
"UcmUcsiCx0101","UCM-UCSI KMDF Class Extension","Stopped","Manual","C:\WINDOWS\system32\Drivers\UcmUcsiCx.sys","Kernel Driver"
"UevAgentDriver","UevAgentDriver","Stopped","Disabled","C:\WINDOWS\system32\drivers\UevAgentDriver.sys","File System Driver"
"vmgid","Driver de Infraestrutura de Convidado do Microsoft Hyper-V","Stopped","Manual","C:\WINDOWS\system32\drivers\vmgid.sys","Kernel Driver"
"UdeCx","USB Device Emulation Support Library","Stopped","Manual","C:\WINDOWS\system32\drivers\udecx.sys","Kernel Driver"
"udfs","udfs","Stopped","Disabled","C:\WINDOWS\system32\DRIVERS\udfs.sys","File System Driver"
"tmel","tmel","Stopped","Boot","C:\WINDOWS\system32\DRIVERS\tmel.sys","Kernel Driver"
"VMBusHID","VMBusHID","Stopped","Manual","C:\WINDOWS\system32\drivers\VMBusHID.sys","Kernel Driver"
"vmbus","Barramento VMBus","Stopped","Manual","C:\WINDOWS\system32\drivers\vmbus.sys","Kernel Driver"
"vpnva","Cisco AnyConnect Secure Mobility Client Virtual Miniport Adapter for Windows x64","Stopped","Manual","C:\WINDOWS\system32\drivers\vpnva64-6.sys","Kernel Driver"
"Ufx01000","USB Function Class Extension","Stopped","Manual","C:\WINDOWS\system32\drivers\ufx01000.sys","Kernel Driver"
"vpci","Barramento PCI Virtual do Microsoft Hyper-V","Stopped","Manual","C:\WINDOWS\system32\drivers\vpci.sys","Kernel Driver"
"vhf","Driver de VHF (Estrutura HID Virtual)","Stopped","Manual","C:\WINDOWS\system32\drivers\vhf.sys","Kernel Driver"
"UcmTcpciCx0101","UCM-TCPCI KMDF Class Extension","Stopped","Manual","C:\WINDOWS\system32\Drivers\UcmTcpciCx.sys","Kernel Driver"
"usbaudio2","Servi?o USB Audio 2.0","Stopped","Manual","C:\WINDOWS\system32\drivers\usbaudio2.sys","Kernel Driver"
"storvsc","storvsc","Stopped","Manual","C:\WINDOWS\system32\drivers\storvsc.sys","Kernel Driver"
"WdNisDrv","Driver do Sistema de Inspe??o de Rede do Microsoft Defender Antiv?rus","Stopped","Manual","C:\WINDOWS\system32\drivers\wd\WdNisDrv.sys","Kernel Driver"
"UcmUcsiAcpiClient","Cliente UCM-UCSI ACPI","Stopped","Manual","C:\WINDOWS\system32\drivers\UcmUcsiAcpiClient.sys","Kernel Driver"
"WinMad","Servi?o WinMad","Stopped","Manual","C:\WINDOWS\system32\drivers\winmad.sys","Kernel Driver"
"storflt","Acelerador de Armazenamento Microsoft Hyper-V","Stopped","Manual","C:\WINDOWS\system32\drivers\vmstorfl.sys","Kernel Driver"
"UASPStor","Driver UAS (USB Attached SCSI)","Stopped","Manual","C:\WINDOWS\system32\drivers\uaspstor.sys","Kernel Driver"
"storufs","Driver UFS (Universal Flash Storage) Microsoft","Stopped","Manual","C:\WINDOWS\system32\drivers\storufs.sys","Kernel Driver"
"WIMMount","WIMMount","Stopped","Manual","C:\WINDOWS\system32\drivers\wimmount.sys","File System Driver"
"WdFilter","Driver de Minifiltro do Microsoft Defender Antiv?rus","Stopped","Manual","C:\WINDOWS\system32\drivers\wd\WdFilter.sys","File System Driver"
"Synth3dVsc","Synth3dVsc","Stopped","Manual","C:\WINDOWS\system32\drivers\Synth3dVsc.sys","Kernel Driver"
"UmPass","Driver UMPass da Microsoft","Stopped","Manual","C:\WINDOWS\system32\drivers\umpass.sys","Kernel Driver"
"wcnfs","Windows Container Name Virtualization","Stopped","Manual","C:\WINDOWS\system32\drivers\wcnfs.sys","File System Driver"
"WdBoot","Driver de Inicializa??o do Microsoft Defender Antiv?rus","Stopped","Manual","C:\WINDOWS\system32\drivers\wd\WdBoot.sys","Kernel Driver"
"UrsCx01000","USB Role-Switch Support Library","Stopped","Manual","C:\WINDOWS\system32\drivers\urscx01000.sys","Kernel Driver"
"UrsSynopsys","Driver Synopsys USB Role-Switch","Stopped","Manual","C:\WINDOWS\system32\DriverStore\FileRepository\urssynopsys.inf_amd64_057fa37902020500\urssynopsys.sys","Kernel Driver"
"UrsChipidea","Driver Chipidea USB Role-Switch","Stopped","Manual","C:\WINDOWS\system32\DriverStore\FileRepository\urschipidea.inf_amd64_78ad1c14e33df968\urschipidea.sys","Kernel Driver"
"wdiwifi","WDI Driver Framework","Stopped","Manual","C:\WINDOWS\system32\DRIVERS\wdiwifi.sys","Kernel Driver"
"WdmCompanionFilter","WdmCompanionFilter","Stopped","Manual","C:\WINDOWS\system32\drivers\WdmCompanionFilter.sys","Kernel Driver"
"HdAudAddService","Driver de Fun??o Microsoft 1.1 UAA para Servi?o de High Definition Audio","Stopped","Manual","C:\WINDOWS\system32\drivers\HdAudio.sys","Kernel Driver"
"HidBatt","Driver de Bateria UPS HID","Stopped","Manual","C:\WINDOWS\system32\drivers\HidBatt.sys","Kernel Driver"
"gencounter","Contador de Gera??o do Microsoft Hyper-V","Stopped","Manual","C:\WINDOWS\system32\drivers\vmgencounter.sys","Kernel Driver"
"genericusbfn","Classe de Fun??o USB Gen?rica","Stopped","Manual","C:\WINDOWS\system32\DriverStore\FileRepository\genericusbfn.inf_amd64_53931f0ae21d6d2c\genericusbfn.sys","Kernel Driver"
"HidBth","Miniporta HID Bluetooth da Microsoft","Stopped","Manual","C:\WINDOWS\system32\drivers\hidbth.sys","Kernel Driver"
"HidIr","Driver HID infravermelho da Microsoft","Stopped","Manual","C:\WINDOWS\system32\drivers\hidir.sys","Kernel Driver"
"hidspi","Driver de Miniporta HID SPI da Microsoft","Stopped","Manual","C:\WINDOWS\system32\drivers\hidspi.sys","Kernel Driver"
"hidi2c","Driver de Miniporta HID I2C da Microsoft","Stopped","Manual","C:\WINDOWS\system32\drivers\hidi2c.sys","Kernel Driver"
"hidinterrupt","Driver Comum para Bot?es HID implementado com interrup??es","Stopped","Manual","C:\WINDOWS\system32\drivers\hidinterrupt.sys","Kernel Driver"
"flpydisk","Driver de disquete","Stopped","Manual","C:\WINDOWS\system32\drivers\flpydisk.sys","Kernel Driver"
"drmkaud","Drivers de ?udio Confi?veis da Microsoft","Stopped","Manual","C:\WINDOWS\system32\drivers\drmkaud.sys","Kernel Driver"
"ebdrv","QLogic 10 Gigabit Ethernet Adapter VBD","Stopped","Manual","C:\WINDOWS\system32\drivers\evbda.sys","Kernel Driver"
"dam","Desktop Activity Moderator Driver","Stopped","System","C:\WINDOWS\system32\drivers\dam.sys","Kernel Driver"
"dmvsc","dmvsc","Stopped","Manual","C:\WINDOWS\system32\drivers\dmvsc.sys","Kernel Driver"
"EhStorTcgDrv","Driver da Microsoft para dispositivos de armazenamento que d?o suporte aos protocolos IEEE 1667 e TCG","Stopped","Manual","C:\WINDOWS\system32\drivers\EhStorTcgDrv.sys","Kernel Driver"
"fdc","Driver de controlador de disquete","Stopped","Manual","C:\WINDOWS\system32\drivers\fdc.sys","Kernel Driver"
"Filetrace","Filetrace","Stopped","Manual","C:\WINDOWS\system32\drivers\filetrace.sys","File System Driver"
"ErrDev","Microsoft Hardware Error Device Driver","Stopped","Manual","C:\WINDOWS\system32\drivers\errdev.sys","Kernel Driver"
"exfat","exFAT File System Driver","Stopped","Manual","C:\WINDOWS\system32\drivers\exfat.sys","File System Driver"
"HidSpiCx","HidSpi KMDF Class Extension","Stopped","Manual","C:\WINDOWS\system32\drivers\HidSpiCx.sys","Kernel Driver"
"iaLPSS2i_GPIO2_GLK","Intel(R) Serial IO GPIO Driver v2","Stopped","Manual","C:\WINDOWS\system32\drivers\iaLPSS2i_GPIO2_GLK.sys","Kernel Driver"
"iaLPSS2i_I2C","Intel(R) Serial IO I2C Driver v2","Stopped","Manual","C:\WINDOWS\system32\drivers\iaLPSS2i_I2C.sys","Kernel Driver"
"iaLPSS2i_GPIO2","Intel(R) Serial IO GPIO Driver v2","Stopped","Manual","C:\WINDOWS\system32\drivers\iaLPSS2i_GPIO2.sys","Kernel Driver"
"iaLPSS2i_GPIO2_BXT_P","Intel(R) Serial IO GPIO Driver v2","Stopped","Manual","C:\WINDOWS\system32\drivers\iaLPSS2i_GPIO2_BXT_P.sys","Kernel Driver"
"iaLPSS2i_I2C_BXT_P","Intel(R) Serial IO I2C Driver v2","Stopped","Manual","C:\WINDOWS\system32\drivers\iaLPSS2i_I2C_BXT_P.sys","Kernel Driver"
"iaLPSSi_I2C","Intel(R) Serial IO I2C Controller Driver","Stopped","Manual","C:\WINDOWS\system32\drivers\iaLPSSi_I2C.sys","Kernel Driver"
"iaStorAVC","Controlador Intel Chipset SATA RAID","Stopped","Manual","C:\WINDOWS\system32\drivers\iaStorAVC.sys","Kernel Driver"
"iaLPSS2i_I2C_GLK","Intel(R) Serial IO I2C Driver v2","Stopped","Manual","C:\WINDOWS\system32\drivers\iaLPSS2i_I2C_GLK.sys","Kernel Driver"
"iaLPSSi_GPIO","Driver de Controlador Intel(R) Serial IO GPIO","Stopped","Manual","C:\WINDOWS\system32\drivers\iaLPSSi_GPIO.sys","Kernel Driver"
"iai2c","Controlador Host Intel(R) Serial IO I2C","Stopped","Manual","C:\WINDOWS\system32\drivers\iai2c.sys","Kernel Driver"
"hvcrash","hvcrash","Stopped","Disabled","C:\WINDOWS\system32\drivers\hvcrash.sys","Kernel Driver"
"HwNClx0101","Microsoft Hardware Notifications Class Extension Driver","Stopped","Manual","C:\WINDOWS\system32\Drivers\mshwnclx.sys","Kernel Driver"
"hnswfpdriver","Driver HNS WFP","Stopped","Manual","C:\WINDOWS\system32\drivers\hnswfpdriver.sys","Kernel Driver"
"HpSAMD","HpSAMD","Stopped","Manual","C:\WINDOWS\system32\drivers\HpSAMD.sys","Kernel Driver"
"hwpolicy","Hardware Policy Driver","Stopped","Boot","C:\WINDOWS\system32\drivers\hwpolicy.sys","Kernel Driver"
"i8042prt","i8042 Keyboard and PS/2 Mouse Port Driver","Stopped","Manual","C:\WINDOWS\system32\drivers\i8042prt.sys","Kernel Driver"
"iagpio","Driver do Controlador Intel Serial IO GPIO","Stopped","Manual","C:\WINDOWS\system32\drivers\iagpio.sys","Kernel Driver"
"hyperkbd","hyperkbd","Stopped","Manual","C:\WINDOWS\system32\drivers\hyperkbd.sys","Kernel Driver"
"HyperVideo","HyperVideo","Stopped","Manual","C:\WINDOWS\system32\drivers\HyperVideo.sys","Kernel Driver"
"cnghwassist","CNG Hardware Assist algorithm provider","Stopped","Disabled","C:\WINDOWS\system32\DRIVERS\cnghwassist.sys","Kernel Driver"
"amdxata","amdxata","Stopped","Manual","C:\WINDOWS\system32\drivers\amdxata.sys","Kernel Driver"
"AppID","Driver IDApl","Stopped","Manual","C:\WINDOWS\system32\drivers\appid.sys","Kernel Driver"
"amdsata","amdsata","Stopped","Manual","C:\WINDOWS\system32\drivers\amdsata.sys","Kernel Driver"
"amdsbs","amdsbs","Stopped","Manual","C:\WINDOWS\system32\drivers\amdsbs.sys","Kernel Driver"
"applockerfltr","Driver de Filtro Smartlocker","Stopped","Manual","C:\WINDOWS\system32\drivers\applockerfltr.sys","Kernel Driver"
"AppvVfs","AppvVfs","Stopped","Manual","C:\WINDOWS\system32\drivers\AppvVfs.sys","File System Driver"
"arcsas","Driver de Miniporta Adaptec SAS/SATA-II RAID Storport","Stopped","Manual","C:\WINDOWS\system32\drivers\arcsas.sys","Kernel Driver"
"AppvStrm","AppvStrm","Stopped","Manual","C:\WINDOWS\system32\drivers\AppvStrm.sys","File System Driver"
"AppvVemgr","AppvVemgr","Stopped","Manual","C:\WINDOWS\system32\drivers\AppvVemgr.sys","File System Driver"
"AmdPPM","AMD Processor Driver","Stopped","Manual","C:\WINDOWS\system32\drivers\amdppm.sys","Kernel Driver"
"AcpiPmi","Driver Medidor de Energia ACPI","Stopped","Manual","C:\WINDOWS\system32\drivers\acpipmi.sys","Kernel Driver"
"acpitime","Driver do Alarme de Ativa??o ACPI","Stopped","Manual","C:\WINDOWS\system32\drivers\acpitime.sys","Kernel Driver"
"3ware","3ware","Stopped","Manual","C:\WINDOWS\system32\drivers\3ware.sys","Kernel Driver"
"AcpiDev","Driver de dispositivos ACPI","Stopped","Manual","C:\WINDOWS\system32\drivers\AcpiDev.sys","Kernel Driver"
"Acx01000","Acx01000","Stopped","Manual","C:\WINDOWS\system32\drivers\Acx01000.sys","Kernel Driver"
"amdi2c","Servi?o de Controlador AMD I2C","Stopped","Manual","C:\WINDOWS\system32\drivers\amdi2c.sys","Kernel Driver"
"AmdK8","AMD K8 Processor Driver","Stopped","Manual","C:\WINDOWS\system32\drivers\amdk8.sys","Kernel Driver"
"ADP80XX","ADP80XX","Stopped","Manual","C:\WINDOWS\system32\drivers\ADP80XX.SYS","Kernel Driver"
"amdgpio2","Driver de Cliente AMD GPIO","Stopped","Manual","C:\WINDOWS\system32\drivers\amdgpio2.sys","Kernel Driver"
"AsyncMac","Driver de m?dia ass?ncrona RAS","Stopped","Manual","C:\WINDOWS\system32\drivers\asyncmac.sys","Kernel Driver"
"buttonconverter","Servi?o para dispositivos de Controle de Dispositivo Port?til","Stopped","Manual","C:\WINDOWS\system32\drivers\buttonconverter.sys","Kernel Driver"
"CAD","Driver de Arbitragem de Carregamento","Stopped","Manual","C:\WINDOWS\system32\drivers\CAD.sys","Kernel Driver"
"BTHUSB","Driver USB de R?dio Bluetooth","Stopped","Manual","C:\WINDOWS\system32\drivers\BTHUSB.sys","Kernel Driver"
"bttflt","Filtro VHDPMEM BTT do Microsoft Hyper-V","Stopped","Manual","C:\WINDOWS\system32\drivers\bttflt.sys","Kernel Driver"
"cdfs","CD/DVD File System Reader","Stopped","Disabled","C:\WINDOWS\system32\DRIVERS\cdfs.sys","File System Driver"
"circlass","Dispositivos de IV do Consumidor","Stopped","Manual","C:\WINDOWS\system32\drivers\circlass.sys","Kernel Driver"
"CmBatt","Driver de Bateria do M?todo de Controle ACPI da Microsoft","Stopped","Manual","C:\WINDOWS\system32\drivers\CmBatt.sys","Kernel Driver"
"cht4iscsi","cht4iscsi","Stopped","Manual","C:\WINDOWS\system32\drivers\cht4sx64.sys","Kernel Driver"
"cht4vbd","Chelsio Virtual Bus Driver","Stopped","Manual","C:\WINDOWS\system32\drivers\cht4vx64.sys","Kernel Driver"
"BTHPORT","Driver de Porta Bluetooth","Stopped","Manual","C:\WINDOWS\system32\drivers\BTHport.sys","Kernel Driver"
"bcmfn2","bcmfn2 Service","Stopped","Manual","C:\WINDOWS\system32\drivers\bcmfn2.sys","Kernel Driver"
"BthA2dp","Microsoft Bluetooth A2dp driver","Stopped","Manual","C:\WINDOWS\system32\drivers\BthA2dp.sys","Kernel Driver"
"atapi","Canal de IDE","Stopped","Manual","C:\WINDOWS\system32\drivers\atapi.sys","Kernel Driver"
"b06bdrv","QLogic Network Adapter VBD","Stopped","Manual","C:\WINDOWS\system32\drivers\bxvbda.sys","Kernel Driver"
"BthEnum","Servi?o de Enumerador de Bluetooth","Stopped","Manual","C:\WINDOWS\system32\drivers\BthEnum.sys","Kernel Driver"
"BthMini","Driver de R?dio Bluetooth","Stopped","Manual","C:\WINDOWS\system32\drivers\BTHMINI.sys","Kernel Driver"
"BTHMODEM","Driver de Comunica??o de Modem Bluetooth","Stopped","Manual","C:\WINDOWS\system32\drivers\bthmodem.sys","Kernel Driver"
"BthHFEnum","Driver do Perfil de Viva-voz de Microsoft Bluetooth","Stopped","Manual","C:\WINDOWS\system32\drivers\bthhfenum.sys","Kernel Driver"
"BthLEEnum","Driver de Baixa Energia do Bluetooth","Stopped","Manual","C:\WINDOWS\system32\drivers\Microsoft.Bluetooth.Legacy.LEEnumerator.sys","Kernel Driver"
"iaStorV","Intel RAID Controller Windows 7","Stopped","Manual","C:\WINDOWS\system32\drivers\iaStorV.sys","Kernel Driver"
"nvraid","nvraid","Stopped","Manual","C:\WINDOWS\system32\drivers\nvraid.sys","Kernel Driver"
"nvstor","nvstor","Stopped","Manual","C:\WINDOWS\system32\drivers\nvstor.sys","Kernel Driver"
"npcap","Npcap Packet Driver (NPCAP)","Stopped","Manual","C:\WINDOWS\system32\DRIVERS\npcap.sys","Kernel Driver"
"nvdimm","Driver de dispositivo NVDIMM da Microsoft","Stopped","Manual","C:\WINDOWS\system32\drivers\nvdimm.sys","Kernel Driver"
"Parport","Driver de porta paralela","Stopped","Manual","C:\WINDOWS\system32\drivers\parport.sys","Kernel Driver"
"pcip","Driver de Proxy de PCI","Stopped","Manual","C:\WINDOWS\system32\drivers\pcip.sys","Kernel Driver"
"pcmcia","pcmcia","Stopped","Manual","C:\WINDOWS\system32\drivers\pcmcia.sys","Kernel Driver"
"passthruparser","PassthroughParser","Stopped","Manual","C:\WINDOWS\system32\drivers\passthruparser.sys","Kernel Driver"
"pciide","pciide","Stopped","Manual","C:\WINDOWS\system32\drivers\pciide.sys","Kernel Driver"
"netvsc","netvsc","Stopped","Manual","C:\WINDOWS\system32\drivers\netvsc.sys","Kernel Driver"
"NativeWifiP","Filtro NativeWiFi","Stopped","Manual","C:\WINDOWS\system32\DRIVERS\nwifi.sys","Kernel Driver"
"ndfltr","Servi?o NetworkDirect","Stopped","Manual","C:\WINDOWS\system32\drivers\ndfltr.sys","Kernel Driver"
"MTConfig","Microsoft Input Configuration Driver","Stopped","Manual","C:\WINDOWS\system32\drivers\MTConfig.sys","Kernel Driver"
"mvumis","mvumis","Stopped","Manual","C:\WINDOWS\system32\drivers\mvumis.sys","Kernel Driver"
"NdisImPlatform","Protocolo do Multiplexador de Adaptador de Rede da Microsoft","Stopped","Manual","C:\WINDOWS\system32\drivers\NdisImPlatform.sys","Kernel Driver"
"NetAdapterCx","Network Adapter Wdf Class Extension Library","Stopped","Manual","C:\WINDOWS\system32\drivers\NetAdapterCx.sys","Kernel Driver"
"1394ohci","1394 OHCI Compliant Host Controller","Stopped","Manual","C:\WINDOWS\system32\drivers\1394ohci.sys","Kernel Driver"
"ndiswanlegacy","Driver WAN NDIS HERDADO de Acesso Remoto","Stopped","Manual","C:\WINDOWS\system32\DRIVERS\ndiswan.sys","Kernel Driver"
"NDKPing","NDKPing Driver","Stopped","Manual","C:\WINDOWS\system32\drivers\NDKPing.sys","Kernel Driver"
"percsas2i","percsas2i","Stopped","Manual","C:\WINDOWS\system32\drivers\percsas2i.sys","Kernel Driver"
"ReFSv1","ReFSv1","Stopped","Manual","C:\WINDOWS\system32\drivers\ReFSv1.sys","File System Driver"
"RFCOMM","Bluetooth Device (RFCOMM Protocol TDI)","Stopped","Manual","C:\WINDOWS\system32\drivers\rfcomm.sys","Kernel Driver"
"RasAcd","Remote Access Auto Connection Driver","Stopped","Manual","C:\WINDOWS\system32\DRIVERS\rasacd.sys","Kernel Driver"
"ReFS","ReFS","Stopped","Manual","C:\WINDOWS\system32\drivers\ReFS.sys","File System Driver"
"rhproxy","Driver do proxy do Hub de Recursos","Stopped","Manual","C:\WINDOWS\system32\drivers\rhproxy.sys","Kernel Driver"
"scfilter","Driver de Filtro de Classe PnP de Cart?o inteligente","Stopped","Manual","C:\WINDOWS\system32\DRIVERS\scfilter.sys","Kernel Driver"
"scmbus","Driver de Barramento de Mem?ria de Classe de Armazenamento da Microsoft","Stopped","Manual","C:\WINDOWS\system32\drivers\scmbus.sys","Kernel Driver"
"s3cap","s3cap","Stopped","Manual","C:\WINDOWS\system32\drivers\vms3cap.sys","Kernel Driver"
"sbp2port","SBP-2 Transport/Protocol Bus Driver","Stopped","Manual","C:\WINDOWS\system32\drivers\sbp2port.sys","Kernel Driver"
"ramparser","ramparser","Stopped","Manual","C:\WINDOWS\system32\drivers\ramparser.sys","Kernel Driver"
"pmem","Driver de disco de mem?ria persistente da Microsoft","Stopped","Manual","C:\WINDOWS\system32\drivers\pmem.sys","Kernel Driver"
"PNPMEM","Driver de m?dulo de mem?ria da Microsoft","Stopped","Manual","C:\WINDOWS\system32\drivers\pnpmem.sys","Kernel Driver"
"percsas3i","percsas3i","Stopped","Manual","C:\WINDOWS\system32\drivers\percsas3i.sys","Kernel Driver"
"PktMon","Packet Monitor Driver","Stopped","Manual","C:\WINDOWS\system32\drivers\PktMon.sys","Kernel Driver"
"portcfg","portcfg","Stopped","Manual","C:\WINDOWS\system32\drivers\portcfg.sys","Kernel Driver"
"QWAVEdrv","QWAVE driver","Stopped","Manual","C:\WINDOWS\system32\drivers\qwavedrv.sys","Kernel Driver"
"Ramdisk","Windows RAM Disk Driver","Stopped","Manual","C:\WINDOWS\system32\DRIVERS\ramdisk.sys","Kernel Driver"
"Processor","Driver de processador","Stopped","Manual","C:\WINDOWS\system32\drivers\processr.sys","Kernel Driver"
"pvhdparser","pvhdparser","Stopped","Manual","C:\WINDOWS\system32\drivers\pvhdparser.sys","Kernel Driver"
"MSTEE","Conversor em T entre Coletores de stream Microsoft","Stopped","Manual","C:\WINDOWS\system32\drivers\MSTEE.sys","Kernel Driver"
"LSI_SAS","LSI_SAS","Stopped","Manual","C:\WINDOWS\system32\drivers\lsi_sas.sys","Kernel Driver"
"LSI_SAS2i","LSI_SAS2i","Stopped","Manual","C:\WINDOWS\system32\drivers\lsi_sas2i.sys","Kernel Driver"
"kbldfltr","kbldfltr","Stopped","Manual","C:\WINDOWS\system32\drivers\kbldfltr.sys","Kernel Driver"
"l2bridge","Driver de Ponte","Stopped","Manual","C:\WINDOWS\system32\drivers\l2bridge.sys","Kernel Driver"
"LSI_SAS3i","LSI_SAS3i","Stopped","Manual","C:\WINDOWS\system32\drivers\lsi_sas3i.sys","Kernel Driver"
"lunparser","LUN Parser","Stopped","Manual","C:\WINDOWS\system32\drivers\lunparser.sys","Kernel Driver"
"mausbhost","Driver do Controlador MA USB Host","Stopped","Manual","C:\WINDOWS\system32\drivers\mausbhost.sys","Kernel Driver"
"LSI_SSS","LSI_SSS","Stopped","Manual","C:\WINDOWS\system32\drivers\lsi_sss.sys","Kernel Driver"
"luafv","Virtualiza??o de arquivo UAC","Stopped","Auto","C:\WINDOWS\system32\drivers\luafv.sys","File System Driver"
"ItSas35i","ItSas35i","Stopped","Manual","C:\WINDOWS\system32\drivers\ItSas35i.sys","Kernel Driver"
"intelpmax","Driver do Gerenciador de Energia de Pico de Dispositivo Din?mico Intel(R)","Stopped","Manual","C:\WINDOWS\system32\drivers\intelpmax.sys","Kernel Driver"
"IpFilterDriver","Driver de filtro de tr?fego IP","Stopped","Manual","C:\WINDOWS\system32\DRIVERS\ipfltdrv.sys","Kernel Driver"
"ibbus","Mellanox InfiniBand Bus/AL (Filter Driver)","Stopped","Manual","C:\WINDOWS\system32\drivers\ibbus.sys","Kernel Driver"
"intelide","intelide","Stopped","Manual","C:\WINDOWS\system32\drivers\intelide.sys","Kernel Driver"
"IPMIDRV","IPMIDRV","Stopped","Manual","C:\WINDOWS\system32\drivers\IPMIDrv.sys","Kernel Driver"
"isapnp","isapnp","Stopped","Manual","C:\WINDOWS\system32\drivers\isapnp.sys","Kernel Driver"
"iScsiPrt","Driver iScsiPort","Stopped","Manual","C:\WINDOWS\system32\drivers\msiscsi.sys","Kernel Driver"
"IPNAT","IP Network Address Translator","Stopped","Manual","C:\WINDOWS\system32\drivers\ipnat.sys","Kernel Driver"
"IPT","IPT","Stopped","Manual","C:\WINDOWS\system32\drivers\ipt.sys","Kernel Driver"
"mausbip","Driver do Filtro MA USB IP","Stopped","Manual","C:\WINDOWS\system32\drivers\mausbip.sys","Kernel Driver"
"mshidumdf","Pass-through HID to UMDF Driver","Stopped","Manual","C:\WINDOWS\system32\drivers\mshidumdf.sys","Kernel Driver"
"MSKSSRV","Proxy de servi?o de stream Microsoft","Stopped","Manual","C:\WINDOWS\system32\drivers\MSKSSRV.sys","Kernel Driver"
"msgpiowin32","Driver Comum para Bot?es, Indicador de Modo de Encaixe e Notebook/Slate","Stopped","Manual","C:\WINDOWS\system32\drivers\msgpiowin32.sys","Kernel Driver"
"mshidkmdf","Pass-through HID to KMDF Filter Driver","Stopped","Manual","C:\WINDOWS\system32\drivers\mshidkmdf.sys","Kernel Driver"
"MSPCLOCK","Proxy do rel?gio de stream Microsoft","Stopped","Manual","C:\WINDOWS\system32\drivers\MSPCLOCK.sys","Kernel Driver"
"MsSecFlt","Minifiltro do Componente de Eventos de Seguran?a da Microsoft","Stopped","Manual","C:\WINDOWS\system32\drivers\mssecflt.sys","Kernel Driver"
"MsSecWfp","Driver de Chamada WFP de Seguran?a da Microsoft","Stopped","Manual","C:\WINDOWS\system32\drivers\mssecwfp.sys","Kernel Driver"
"MSPQM","Proxy de gerenciador de qualidade de stream Microsoft","Stopped","Manual","C:\WINDOWS\system32\drivers\MSPQM.sys","Kernel Driver"
"MsRPC","MsRPC","Stopped","Manual","C:\WINDOWS\system32\drivers\MsRPC.sys","Kernel Driver"
"MsBridge","Ponte Microsoft MAC","Stopped","Manual","C:\WINDOWS\system32\drivers\bridge.sys","Kernel Driver"
"megasas2i","megasas2i","Stopped","Manual","C:\WINDOWS\system32\drivers\MegaSas2i.sys","Kernel Driver"
"megasas35i","megasas35i","Stopped","Manual","C:\WINDOWS\system32\drivers\megasas35i.sys","Kernel Driver"
"MbbCx","MBB Network Adapter Class Extension","Stopped","Manual","C:\WINDOWS\system32\drivers\MbbCx.sys","Kernel Driver"
"megasas","megasas","Stopped","Manual","C:\WINDOWS\system32\drivers\megasas.sys","Kernel Driver"
"megasr","megasr","Stopped","Manual","C:\WINDOWS\system32\drivers\megasr.sys","Kernel Driver"
"Modem","Modem","Stopped","Manual","C:\WINDOWS\system32\drivers\modem.sys","Kernel Driver"
"MRxDAV","Driver do Redirecionador de Cliente WebDav","Stopped","Manual","C:\WINDOWS\system32\drivers\mrxdav.sys","File System Driver"
"Microsoft_Bluetooth_AvrcpTransport","Driver de Transporte Avrcp Bluetooth da Microsoft","Stopped","Manual","C:\WINDOWS\system32\drivers\Microsoft.Bluetooth.AvrcpTransport.sys","Kernel Driver"
"mlx4_bus","Mellanox ConnectX Bus Enumerator","Stopped","Manual","C:\WINDOWS\system32\drivers\mlx4_bus.sys","Kernel Driver"
